"Player_Name","Position","Team","VS_Team","Match","Week","SET_Point","SET_Errors","SET_Attempts","SET_Total","SET_Efficiency_%","Best_Setter_Performance"
"De Cecco","S","Argentina","Iran","32","1","40","0","67","107","37.38","2504.46"
"Kampa","S","Germany","Türkiye","60","2","36","2","89","127","26.77","2382.53"
"Christenson","S","USA","Iran","70","3","35","2","85","122","27.05","2299.25"
"Ropret ","S","Slovenia","Cuba","78","3","35","0","65","100","35","2275"
"Ropret ","S","Slovenia","Netherlands","5","1","38","2","68","108","33.33","2266.44"
"Christenson","S","USA","Brazil","75","3","41","1","54","96","41.67","2250.18"
"Ropret ","S","Slovenia","Brazil","49","2","32","0","74","106","30.19","2234.06"
"Christenson","S","USA","Germany","85","3","31","0","72","103","30.1","2167.2"
"Jovović ","S","Serbia","Cuba","71","3","38","0","50","88","43.18","2159"
"Christenson","S","USA","Serbia","53","2","34","0","58","92","36.96","2143.68"
"De Cecco","S","Argentina","France","63","2","33","0","61","94","35.11","2141.71"
"Kampa","S","Germany","France","69","3","31","1","79","111","27.03","2135.37"
"Sekita ","S","Japan","Germany","39","2","34","1","63","98","33.67","2121.21"
"Łomacz ","S","Poland","Serbia","89","3","38","0","45","83","45.78","2060.1"
"Toniutti","S","France","Cuba","57","2","32","0","57","89","35.96","2049.72"
"Zimmermann ","S","Germany","Argentina","25","1","31","0","60","91","34.07","2044.2"
"Kampa","S","Germany","Japan","39","2","32","2","72","106","28.3","2037.6"
"Sekita ","S","Japan","France","87","3","27","0","82","109","24.77","2031.14"
"Ropret ","S","Slovenia","Serbia","96","3","34","0","49","83","40.96","2007.04"
"De Cecco","S","Argentina","Canada","47","2","31","1","63","95","31.58","1989.54"
"Tille ","S","Germany","Bulgaria","43","2","29","0","62","91","31.87","1975.94"
"Herr ","S","Canada","Argentina","47","2","28","0","66","94","29.79","1966.14"
"Vadi ","S","Iran","USA","70","3","27","1","85","113","23.01","1955.85"
"Toniutti","S","France","Argentina","63","2","30","0","55","85","35.29","1940.95"
"Herr ","S","Canada","Japan","66","3","31","1","58","90","33.33","1933.14"
"Tille ","S","Germany","USA","85","3","27","0","67","94","28.72","1924.24"
"Keemink ","S","Netherlands","France","52","2","31","0","50","81","38.27","1913.5"
"Giannelli","S","Italy","France","41","2","30","1","60","91","31.87","1912.2"
"S. Nikolov ","S","Bulgaria","Iran","48","2","28","0","59","87","32.18","1898.62"
"Herr ","S","Canada","Cuba","37","2","27","0","63","90","30","1890"
"De Cecco","S","Argentina","Serbia","59","2","29","0","54","83","34.94","1886.76"
"Fernando ","S","Brazil","USA","75","3","28","1","66","95","28.42","1875.72"
"Keemink ","S","Netherlands","Slovenia","5","1","25","0","75","100","25","1875"
"Herr ","S","Canada","USA","58","2","26","0","67","93","27.96","1873.32"
"Vadi ","S","Iran","Bulgaria","48","2","28","0","56","84","33.33","1866.48"
"Sekita ","S","Japan","Slovenia","56","2","26","0","66","92","28.26","1865.16"
"Isaacson ","S","USA","Türkiye","29","1","27","0","58","85","31.76","1842.08"
"Vadi ","S","Iran","Netherlands","74","3","25","0","66","91","27.47","1813.02"
"Toniutti","S","France","Germany","69","3","28","2","69","99","26.26","1811.94"
"Ropret ","S","Slovenia","Canada","21","1","23","0","84","107","21.5","1806"
"Thondike ","S","Cuba","Serbia","71","3","27","1","63","91","28.57","1799.91"
"Herr ","S","Canada","Türkiye","2","1","24","0","71","95","25.26","1793.46"
"Thondike ","S","Cuba","Slovenia","78","3","27","2","73","102","24.51","1789.23"
"S. Nikolov ","S","Bulgaria","Türkiye","67","3","29","1","53","83","33.73","1787.69"
"Jovović ","S","Serbia","Türkiye","84","3","32","2","49","83","36.14","1770.86"
"Herr ","S","Canada","Serbia","64","2","25","0","60","85","29.41","1764.6"
"S. Nikolov ","S","Bulgaria","Germany","43","2","31","1","45","77","38.96","1753.2"
"Yenipazar ","S","Türkiye","Germany","60","2","23","1","93","117","18.8","1748.4"
"Thondike ","S","Cuba","France","57","2","25","0","56","81","30.86","1728.16"
"Christenson","S","USA","Argentina","36","2","28","0","45","73","38.36","1726.2"
"Thondike ","S","Cuba","Germany","12","1","28","1","50","79","34.18","1709"
"Giannelli","S","Italy","Cuba","51","2","25","0","52","77","32.47","1688.44"
"Sbertoli","S","Italy","Türkiye","95","3","25","1","61","87","27.59","1682.99"
"Fernando ","S","Brazil","Netherlands","65","3","25","0","51","76","32.89","1677.39"
"De Cecco","S","Argentina","Brazil","14","1","20","0","102","122","16.39","1671.78"
"De Cecco","S","Argentina","Japan","3","1","28","1","47","76","35.53","1669.91"
"Ropret ","S","Slovenia","France","9","1","27","1","49","77","33.77","1654.73"
"Brizard ","S","France","Brazil","92","3","22","1","84","107","19.63","1648.92"
"Fernando ","S","Brazil","France","92","3","22","0","64","86","25.58","1637.12"
"Yenipazar ","S","Türkiye","France","22","1","26","1","51","78","32.05","1634.55"
"Ropret ","S","Slovenia","Japan","56","2","25","0","47","72","34.72","1631.84"
"Jovović ","S","Serbia","Iran","8","1","25","0","46","71","35.21","1619.66"
"Fernando ","S","Brazil","Iran","42","2","30","1","39","70","41.43","1615.77"
"Christenson","S","USA","Italy","46","2","26","1","49","76","32.89","1611.61"
"Thondike ","S","Cuba","Japan","18","1","21","1","89","111","18.02","1603.78"
"Vadi ","S","Iran","Argentina","32","1","20","0","80","100","20","1600"
"S. Nikolov ","S","Bulgaria","France","1","1","26","0","41","67","38.81","1591.21"
"Yenipazar ","S","Türkiye","Italy","95","3","22","0","56","78","28.21","1579.76"
"Sanchez Pages ","S","Argentina","Germany","25","1","30","0","33","63","47.62","1571.46"
"De Cecco","S","Argentina","Slovenia","68","3","24","0","45","69","34.78","1565.1"
"S. Nikolov ","S","Bulgaria","Slovenia","61","2","28","0","35","63","44.44","1555.4"
"Herr ","S","Canada","Bulgaria","15","1","23","0","48","71","32.39","1554.72"
"Herr ","S","Canada","Slovenia","21","1","22","1","63","86","24.42","1538.46"
"Ropret ","S","Slovenia","Türkiye","38","2","22","0","51","73","30.14","1537.14"
"Herr ","S","Canada","Netherlands","86","3","19","0","80","99","19.19","1535.2"
"Ropret ","S","Slovenia","Argentina","68","3","21","0","57","78","26.92","1534.44"
"Toniutti","S","France","Japan","87","3","22","0","50","72","30.56","1528"
"Christenson","S","USA","Canada","58","2","20","0","64","84","23.81","1523.84"
"Keemink ","S","Netherlands","Türkiye","11","1","21","0","55","76","27.63","1519.65"
"Zimmermann ","S","Germany","Serbia","31","1","21","0","55","76","27.63","1519.65"
"Zimmermann ","S","Germany","Cuba","12","1","20","0","63","83","24.1","1518.3"
"Fernando ","S","Brazil","Slovenia","49","2","23","2","65","90","23.33","1516.45"
"Toniutti","S","France","Netherlands","52","2","21","0","54","75","28","1512"
"Thondike ","S","Cuba","Italy","51","2","21","0","54","75","28","1512"
"Sekita ","S","Japan","Canada","66","3","19","0","74","93","20.43","1511.82"
"Fernando ","S","Brazil","Poland","55","2","25","1","44","70","34.29","1508.76"
"Ekşi","S","Türkiye","Netherlands","11","1","19","0","69","88","21.59","1489.71"
"Keemink ","S","Netherlands","Canada","86","3","18","0","86","104","17.31","1488.66"
"Giannelli","S","Italy","Brazil","28","1","20","1","72","93","20.43","1470.96"
"Toniutti","S","France","Italy","41","2","21","1","61","83","24.1","1470.1"
"Fernando ","S","Brazil","Serbia","20","1","22","1","52","75","28","1456"
"Brizard ","S","France","Türkiye","22","1","22","0","43","65","33.85","1455.55"
"De Cecco","S","Argentina","Türkiye","76","3","21","0","47","68","30.88","1451.36"
"Keemink ","S","Netherlands","Japan","81","3","22","0","42","64","34.38","1443.96"
"Vadi ","S","Iran","Serbia","8","1","21","1","57","79","25.32","1443.24"
"Giannelli","S","Italy","Germany","7","1","20","0","50","70","28.57","1428.5"
"Yenipazar ","S","Türkiye","Slovenia","38","2","22","1","48","71","29.58","1419.84"
"Vadi ","S","Iran","Cuba","26","1","19","0","56","75","25.33","1418.48"
"S. Nikolov ","S","Bulgaria","Cuba","83","3","29","1","30","60","46.67","1400.1"
"De Cecco","S","Argentina","USA","36","2","23","1","42","66","33.33","1399.86"
"Vadi ","S","Iran","Türkiye","54","2","17","0","78","95","17.89","1395.42"
"Herr ","S","Canada","Poland","10","1","24","1","38","63","36.51","1387.38"
"Ma'a ","S","USA","Japan","93","3","22","1","44","67","31.34","1378.96"
"Keemink ","S","Netherlands","Cuba","45","2","17","0","72","89","19.1","1375.2"
"S. Nikolov ","S","Bulgaria","Poland","34","2","25","2","40","67","34.33","1373.2"
"Jovović ","S","Serbia","USA","53","2","20","2","69","91","19.78","1364.82"
"Fernando ","S","Brazil","Italy","28","1","17","0","68","85","20","1360"
"Tuaniga ","S","USA","France","16","1","18","0","54","72","25","1350"
"Komenda ","S","Poland","Netherlands","17","1","20","0","41","61","32.79","1344.39"
"S. Nikolov ","S","Bulgaria","Canada","15","1","18","0","51","69","26.09","1330.59"
"Thondike ","S","Cuba","Iran","26","1","18","1","63","82","20.73","1305.99"
"Janusz ","S","Poland","Japan","50","2","32","0","22","54","59.26","1303.72"
"Jovović ","S","Serbia","Canada","64","2","18","1","62","81","20.99","1301.38"
"Brizard ","S","France","Iran","79","3","23","2","40","65","32.31","1292.4"
"Keemink ","S","Netherlands","Poland","17","1","18","0","45","63","28.57","1285.65"
"Yenipazar ","S","Türkiye","Serbia","84","3","16","0","65","81","19.75","1283.75"
"S. Nikolov ","S","Bulgaria","Italy","77","3","20","0","35","55","36.36","1272.6"
"Keemink ","S","Netherlands","Brazil","65","3","15","0","81","96","15.62","1265.22"
"Sekita ","S","Japan","Iran","35","2","17","0","49","66","25.76","1262.24"
"Thondike ","S","Cuba","Brazil","4","1","16","0","58","74","21.62","1253.96"
"Thondike ","S","Cuba","Bulgaria","83","3","18","0","40","58","31.03","1241.2"
"Bruno","S","Brazil","Cuba","4","1","17","0","46","63","26.98","1241.08"
"Keemink ","S","Netherlands","Bulgaria","30","1","18","1","50","69","24.64","1232"
"Kampa","S","Germany","Iran","91","3","17","0","44","61","27.87","1226.28"
"Łomacz ","S","Poland","Slovenia","27","1","20","1","38","59","32.2","1223.6"
"Sekita ","S","Japan","Serbia","13","1","20","0","31","51","39.22","1215.82"
"Ropret ","S","Slovenia","Poland","27","1","18","0","37","55","32.73","1211.01"
"Herr ","S","Canada","Brazil","80","3","15","0","60","75","20","1200"
"Brizard ","S","France","Bulgaria","1","1","18","0","35","53","33.96","1188.6"
"Ekşi","S","Türkiye","USA","29","1","16","0","46","62","25.81","1187.26"
"Keemink ","S","Netherlands","Serbia","40","2","18","1","44","63","26.98","1187.12"
"Jovović ","S","Serbia","Argentina","59","2","14","0","76","90","15.56","1182.56"
"Brizard ","S","France","Slovenia","9","1","20","2","41","63","28.57","1171.37"
"Jovović ","S","Serbia","Germany","31","1","19","1","37","57","31.58","1168.46"
"Janusz ","S","Poland","Italy","72","3","18","0","33","51","35.29","1164.57"
"Giannelli","S","Italy","Netherlands","62","2","16","0","42","58","27.59","1158.78"
"Herr ","S","Canada","Germany","73","3","16","0","42","58","27.59","1158.78"
"Łomacz ","S","Poland","Canada","10","1","14","0","67","81","17.28","1157.76"
"Janusz ","S","Poland","Bulgaria","34","2","23","3","35","61","32.79","1147.65"
"Tille ","S","Germany","Brazil","33","2","17","1","45","63","25.4","1143"
"Yenipazar ","S","Türkiye","Poland","44","2","15","0","47","62","24.19","1136.93"
"Janusz ","S","Poland","Cuba","94","3","19","0","28","47","40.43","1132.04"
"Fukatsu ","S","Japan","USA","93","3","14","0","59","73","19.18","1131.62"
"Todorović ","S","Serbia","Poland","89","3","21","0","24","45","46.67","1120.08"
"Toniutti","S","France","USA","16","1","16","0","37","53","30.19","1117.03"
"De Cecco","S","Argentina","Bulgaria","88","3","16","0","35","51","31.37","1097.95"
"Giannelli","S","Italy","USA","46","2","15","1","58","74","18.92","1097.36"
"Janusz ","S","Poland","Brazil","55","2","14","0","49","63","22.22","1088.78"
"Zimmermann ","S","Germany","Italy","7","1","14","0","46","60","23.33","1073.18"
"S. Nikolov ","S","Bulgaria","Netherlands","30","1","17","2","47","66","22.73","1068.31"
"Ropret ","S","Slovenia","Bulgaria","61","2","15","0","37","52","28.85","1067.45"
"Sanchez Pages ","S","Argentina","Poland","82","3","21","1","25","47","42.55","1063.75"
"S. Nikolov ","S","Bulgaria","USA","23","1","15","2","72","89","14.61","1051.92"
"Sekita ","S","Japan","Argentina","3","1","12","0","82","94","12.77","1047.14"
"Fernando ","S","Brazil","Cuba","4","1","16","0","30","46","34.78","1043.4"
"Thondike ","S","Cuba","Netherlands","45","2","13","0","52","65","20","1040"
"Thondike ","S","Cuba","Canada","37","2","12","0","77","89","13.48","1037.96"
"Todorović ","S","Serbia","Slovenia","96","3","12","0","75","87","13.79","1034.25"
"Jovović ","S","Serbia","Brazil","20","1","14","0","38","52","26.92","1022.96"
"Vadi ","S","Iran","Japan","35","2","14","0","38","52","26.92","1022.96"
"Jovović ","S","Serbia","Poland","89","3","19","1","25","45","40","1000"
"Sbertoli","S","Italy","Bulgaria","77","3","15","1","39","55","25.45","992.55"
"Sbertoli","S","Italy","Poland","72","3","16","1","32","49","30.61","979.52"
"Fernando ","S","Brazil","Canada","80","3","14","0","32","46","30.43","973.76"
"De Cecco","S","Argentina","Iran","32","1","19","0","19","38","50","950"
"Fukatsu ","S","Japan","Italy","24","1","16","4","76","96","12.5","950"
"Yenipazar ","S","Türkiye","Iran","54","2","13","2","73","88","12.5","912.5"
"Łomacz ","S","Poland","USA","6","1","12","0","37","49","24.49","906.13"
"Ekşi","S","Türkiye","Canada","2","1","13","2","62","77","14.29","885.98"
"Fernando ","S","Brazil","Germany","33","2","12","0","33","45","26.67","880.11"
"Sekita ","S","Japan","Netherlands","81","3","13","1","38","52","23.08","877.04"
"Bostan ","S","Türkiye","Argentina","76","3","12","1","50","63","17.46","873"
"Giannelli","S","Italy","Japan","24","1","18","6","64","88","13.64","872.96"
"Fernando ","S","Brazil","Argentina","14","1","12","0","32","44","27.27","872.64"
"Jovović ","S","Serbia","Japan","13","1","16","0","19","35","45.71","868.49"
"Sbertoli","S","Italy","Slovenia","90","3","12","0","31","43","27.91","865.21"
"Ropret ","S","Slovenia","Italy","90","3","12","1","39","52","21.15","824.85"
"S. Nikolov ","S","Bulgaria","Argentina","88","3","10","0","47","57","17.54","824.38"
"Tuaniga ","S","USA","Poland","6","1","12","1","38","51","21.57","819.66"
"Tille ","S","Germany","Canada","73","3","11","1","51","63","15.87","809.37"
"Bruno","S","Brazil","Argentina","14","1","10","0","42","52","19.23","807.66"
"Firlej ","S","Poland","Türkiye","44","2","10","0","42","52","19.23","807.66"
"Sekita ","S","Japan","France","87","3","11","0","30","41","26.83","804.9"
"Kampa","S","Germany","Türkiye","60","2","11","0","29","40","27.5","797.5"
"Meijs ","S","Netherlands","Iran","74","3","11","1","38","50","20","760"
"Janusz ","S","Poland","Argentina","82","3","13","0","18","31","41.94","754.92"
"Giannelli","S","Italy","Iran","19","1","9","0","45","54","16.67","750.15"
"Ropret ","S","Slovenia","Argentina","68","3","12","0","19","31","38.71","735.49"
"Ropret ","S","Slovenia","Cuba","78","3","14","0","15","29","48.28","724.2"
"Isaacson ","S","USA","Bulgaria","23","1","9","0","37","46","19.57","724.09"
"Bostan ","S","Türkiye","Bulgaria","67","3","11","2","52","65","13.85","720.2"
"Vadi ","S","Iran","Brazil","42","2","8","0","70","78","10.26","718.2"
"Christenson","S","USA","Brazil","75","3","13","0","16","29","44.83","717.28"
"Ropret ","S","Slovenia","Japan","56","2","11","0","20","31","35.48","709.6"
"Sekita ","S","Japan","Cuba","18","1","8","0","61","69","11.59","706.99"
"Keemink ","S","Netherlands","Italy","62","2","10","1","38","49","18.37","698.06"
"Zimmermann ","S","Germany","Argentina","25","1","11","0","18","29","37.93","682.74"
"Christenson","S","USA","Serbia","53","2","11","0","17","28","39.29","667.93"
"Herr ","S","Canada","USA","58","2","11","0","17","28","39.29","667.93"
"Christenson","S","USA","Italy","46","2","10","0","20","30","33.33","666.6"
"Kampa","S","Germany","Türkiye","60","2","10","0","20","30","33.33","666.6"
"Tuaniga ","S","USA","Bulgaria","23","1","8","0","37","45","17.78","657.86"
"Vadi ","S","Iran","Italy","19","1","8","0","35","43","18.6","651"
"De Cecco","S","Argentina","USA","36","2","12","0","14","26","46.15","646.1"
"Christenson","S","USA","Argentina","36","2","10","0","18","28","35.71","642.78"
"S. Nikolov ","S","Bulgaria","France","1","1","11","0","15","26","42.31","634.65"
"De Cecco","S","Argentina","Slovenia","68","3","9","0","21","30","30","630"
"Sekita ","S","Japan","Germany","39","2","10","0","17","27","37.04","629.68"
"Herr ","S","Canada","Cuba","37","2","10","0","17","27","37.04","629.68"
"Christenson","S","USA","Germany","85","3","12","0","13","25","48","624"
"Jovović ","S","Serbia","Netherlands","40","2","8","0","28","36","22.22","622.16"
"Yenipazar ","S","Türkiye","Slovenia","38","2","9","0","20","29","31.03","620.6"
"Thondike ","S","Cuba","Poland","94","3","7","0","54","61","11.48","619.92"
"Vadi ","S","Iran","Bulgaria","48","2","10","0","16","26","38.46","615.36"
"Keemink ","S","Netherlands","France","52","2","10","0","16","26","38.46","615.36"
"Herr ","S","Canada","Türkiye","2","1","10","0","16","26","38.46","615.36"
"Tille ","S","Germany","USA","85","3","9","0","19","28","32.14","610.66"
"Zimmermann ","S","Germany","Serbia","31","1","8","0","25","33","24.24","606"
"Vadi ","S","Iran","USA","70","3","8","0","25","33","24.24","606"
"S. Nikolov ","S","Bulgaria","Iran","48","2","10","0","15","25","40","600"
"Christenson","S","USA","Iran","70","3","10","0","15","25","40","600"
"Kampa","S","Germany","France","69","3","8","0","24","32","25","600"
"Keemink ","S","Netherlands","Japan","81","3","10","0","15","25","40","600"
"Ropret ","S","Slovenia","Netherlands","5","1","9","0","18","27","33.33","599.94"
"De Cecco","S","Argentina","Canada","47","2","9","0","18","27","33.33","599.94"
"Yenipazar ","S","Türkiye","Germany","60","2","9","1","29","39","20.51","594.79"
"Herr ","S","Canada","Argentina","47","2","8","0","23","31","25.81","593.63"
"Herr ","S","Canada","Poland","10","1","12","1","15","28","39.29","589.35"
"Tille ","S","Germany","Bulgaria","43","2","9","0","17","26","34.62","588.54"
"De Cecco","S","Argentina","France","63","2","9","0","17","26","34.62","588.54"
"Todorović ","S","Serbia","Japan","13","1","9","0","17","26","34.62","588.54"
"Christenson","S","USA","Germany","85","3","8","0","22","30","26.67","586.74"
"Toniutti","S","France","Germany","69","3","8","0","22","30","26.67","586.74"
"Jovović ","S","Serbia","Japan","13","1","10","0","14","24","41.67","583.38"
"S. Nikolov ","S","Bulgaria","Germany","43","2","10","0","14","24","41.67","583.38"
"Christenson","S","USA","Iran","70","3","10","1","20","31","29.03","580.6"
"Yenipazar ","S","Türkiye","France","22","1","9","0","16","25","36","576"
"Ropret ","S","Slovenia","Türkiye","38","2","9","0","16","25","36","576"
"Ropret ","S","Slovenia","Bulgaria","61","2","9","0","16","25","36","576"
"Brizard ","S","France","Türkiye","22","1","9","0","16","25","36","576"
"Zimmermann ","S","Germany","Italy","7","1","9","0","16","25","36","576"
"Thondike ","S","Cuba","Germany","12","1","9","0","16","25","36","576"
"Fernando ","S","Brazil","USA","75","3","11","0","12","23","47.83","573.96"
"Yenipazar ","S","Türkiye","Slovenia","38","2","8","0","20","28","28.57","571.4"
"Ropret ","S","Slovenia","Brazil","49","2","8","0","20","28","28.57","571.4"
"Keemink ","S","Netherlands","Poland","17","1","8","0","20","28","28.57","571.4"
"Keemink ","S","Netherlands","France","52","2","8","0","20","28","28.57","571.4"
"Vadi ","S","Iran","Bulgaria","48","2","10","0","13","23","43.48","565.24"
"De Cecco","S","Argentina","Türkiye","76","3","10","0","13","23","43.48","565.24"
"Ma'a ","S","USA","Japan","93","3","8","0","19","27","29.63","562.97"
"Brizard ","S","France","Brazil","92","3","8","0","19","27","29.63","562.97"
"Kampa","S","Germany","France","69","3","8","0","19","27","29.63","562.97"
"Fernando ","S","Brazil","Cuba","4","1","9","0","15","24","37.5","562.5"
"Łomacz ","S","Poland","Argentina","82","3","9","0","15","24","37.5","562.5"
"Christenson","S","USA","Argentina","36","2","9","0","15","24","37.5","562.5"
"Ropret ","S","Slovenia","Serbia","96","3","11","0","11","22","50","550"
"Jovović ","S","Serbia","Cuba","71","3","11","0","11","22","50","550"
"Giannelli","S","Italy","Cuba","51","2","9","0","14","23","39.13","547.82"
"Herr ","S","Canada","Bulgaria","15","1","9","0","14","23","39.13","547.82"
"S. Nikolov ","S","Bulgaria","Italy","77","3","9","0","14","23","39.13","547.82"
"Tille ","S","Germany","Bulgaria","43","2","7","0","25","32","21.88","547"
"Ropret ","S","Slovenia","Brazil","49","2","10","0","12","22","45.45","545.4"
"Toniutti","S","France","Cuba","57","2","10","0","12","22","45.45","545.4"
"Giannelli","S","Italy","France","41","2","10","0","12","22","45.45","545.4"
"Toniutti","S","France","Japan","87","3","10","0","12","22","45.45","545.4"
"Herr ","S","Canada","Netherlands","86","3","8","0","17","25","32","544"
"Christenson","S","USA","Italy","46","2","8","0","17","25","32","544"
"Herr ","S","Canada","Argentina","47","2","8","0","17","25","32","544"
"Kampa","S","Germany","France","69","3","8","0","17","25","32","544"
"Vadi ","S","Iran","Argentina","32","1","7","0","24","31","22.58","541.92"
"Fukatsu ","S","Japan","USA","93","3","7","0","24","31","22.58","541.92"
"Kampa","S","Germany","Japan","39","2","8","0","16","24","33.33","533.28"
"Thondike ","S","Cuba","Slovenia","78","3","10","1","16","27","33.33","533.28"
"Yenipazar ","S","Türkiye","Italy","95","3","8","0","16","24","33.33","533.28"
"Vadi ","S","Iran","France","79","3","10","2","24","36","22.22","533.28"
"Fernando ","S","Brazil","France","92","3","8","0","16","24","33.33","533.28"
"Giannelli","S","Italy","Germany","7","1","9","0","13","22","40.91","531.83"
"Christenson","S","USA","Serbia","53","2","9","0","13","22","40.91","531.83"
"Jovović ","S","Serbia","Iran","8","1","9","0","13","22","40.91","531.83"
"Yenipazar ","S","Türkiye","USA","29","1","7","0","21","28","25","525"
"Ropret ","S","Slovenia","Cuba","78","3","10","0","11","21","47.62","523.82"
"S. Nikolov ","S","Bulgaria","Slovenia","61","2","10","0","11","21","47.62","523.82"
"Sanchez Pages ","S","Argentina","Poland","82","3","10","0","11","21","47.62","523.82"
"De Cecco","S","Argentina","France","63","2","10","0","11","21","47.62","523.82"
"Łomacz ","S","Poland","Serbia","89","3","15","0","8","23","65.22","521.76"
"S. Nikolov ","S","Bulgaria","Iran","48","2","8","0","15","23","34.78","521.7"
"Christenson","S","USA","Germany","85","3","8","0","15","23","34.78","521.7"
"Zimmermann ","S","Germany","Argentina","25","1","8","0","15","23","34.78","521.7"
"S. Nikolov ","S","Bulgaria","Türkiye","67","3","11","1","13","25","40","520"
"Kampa","S","Germany","Japan","39","2","11","1","13","25","40","520"
"Fukatsu ","S","Japan","Italy","24","1","7","0","20","27","25.93","518.6"
"Vadi ","S","Iran","USA","70","3","7","0","20","27","25.93","518.6"
"Christenson","S","USA","Argentina","36","2","9","0","12","21","42.86","514.32"
"S. Nikolov ","S","Bulgaria","France","1","1","9","0","12","21","42.86","514.32"
"Ropret ","S","Slovenia","Türkiye","38","2","7","0","19","26","26.92","511.48"
"Jovović ","S","Serbia","USA","53","2","7","0","19","26","26.92","511.48"
"Yenipazar ","S","Türkiye","Serbia","84","3","7","0","19","26","26.92","511.48"
"Thondike ","S","Cuba","Iran","26","1","7","0","19","26","26.92","511.48"
"Tuaniga ","S","USA","Bulgaria","23","1","7","0","19","26","26.92","511.48"
"Thondike ","S","Cuba","Bulgaria","83","3","8","0","14","22","36.36","509.04"
"De Cecco","S","Argentina","Serbia","59","2","8","0","14","22","36.36","509.04"
"De Cecco","S","Argentina","France","63","2","8","0","14","22","36.36","509.04"
"Jovović ","S","Serbia","Canada","64","2","8","0","14","22","36.36","509.04"
"Vadi ","S","Iran","Netherlands","74","3","8","0","14","22","36.36","509.04"
"Ropret ","S","Slovenia","Netherlands","5","1","8","0","14","22","36.36","509.04"
"Bruno","S","Brazil","Cuba","4","1","8","0","14","22","36.36","509.04"
"Giannelli","S","Italy","France","41","2","8","0","14","22","36.36","509.04"
"S. Nikolov ","S","Bulgaria","Canada","15","1","7","0","18","25","28","504"
"Ekşi","S","Türkiye","USA","29","1","7","0","18","25","28","504"
"S. Nikolov ","S","Bulgaria","Slovenia","61","2","7","0","18","25","28","504"
"Sekita ","S","Japan","Slovenia","56","2","7","0","18","25","28","504"
"Tille ","S","Germany","Brazil","33","2","10","1","14","25","36","504"
"Herr ","S","Canada","Argentina","47","2","10","0","10","20","50","500"
"Isaacson ","S","USA","Türkiye","29","1","10","0","10","20","50","500"
"Herr ","S","Canada","Bulgaria","15","1","7","0","17","24","29.17","495.89"
"Keemink ","S","Netherlands","Brazil","65","3","7","0","17","24","29.17","495.89"
"Herr ","S","Canada","Brazil","80","3","7","0","17","24","29.17","495.89"
"Herr ","S","Canada","Bulgaria","15","1","7","0","17","24","29.17","495.89"
"S. Nikolov ","S","Bulgaria","Türkiye","67","3","7","0","17","24","29.17","495.89"
"Jovović ","S","Serbia","Cuba","71","3","8","0","13","21","38.1","495.3"
"Jovović ","S","Serbia","Cuba","71","3","8","0","13","21","38.1","495.3"
"Vadi ","S","Iran","Japan","35","2","8","0","13","21","38.1","495.3"
"S. Nikolov ","S","Bulgaria","Türkiye","67","3","8","0","13","21","38.1","495.3"
"Walsh ","S","Canada","Poland","10","1","8","0","13","21","38.1","495.3"
"Christenson","S","USA","Serbia","53","2","9","0","11","20","45","495"
"Jovović ","S","Serbia","Türkiye","84","3","9","0","11","20","45","495"
"De Cecco","S","Argentina","Slovenia","68","3","11","0","9","20","55","495"
"Ropret ","S","Slovenia","France","9","1","9","1","16","26","30.77","492.32"
"Brizard ","S","France","Iran","79","3","10","1","13","24","37.5","487.5"
"Zimmermann ","S","Germany","Serbia","31","1","7","0","16","23","30.43","486.88"
"Herr ","S","Canada","Cuba","37","2","7","0","16","23","30.43","486.88"
"Tuaniga ","S","USA","France","16","1","7","0","16","23","30.43","486.88"
"Zimmermann ","S","Germany","Argentina","25","1","7","0","16","23","30.43","486.88"
"Tille ","S","Germany","USA","85","3","7","0","16","23","30.43","486.88"
"Ropret ","S","Slovenia","Canada","21","1","8","0","12","20","40","480"
"Jovović ","S","Serbia","Iran","8","1","8","0","12","20","40","480"
"Herr ","S","Canada","Slovenia","21","1","8","0","12","20","40","480"
"Thondike ","S","Cuba","Germany","12","1","8","0","12","20","40","480"
"Keemink ","S","Netherlands","Japan","81","3","8","0","12","20","40","480"
"Toniutti","S","France","Italy","41","2","6","0","24","30","20","480"
"De Cecco","S","Argentina","Japan","3","1","8","0","12","20","40","480"
"Janusz ","S","Poland","Japan","50","2","12","0","8","20","60","480"
"Vadi ","S","Iran","Serbia","8","1","8","0","12","20","40","480"
"Ropret ","S","Slovenia","Netherlands","5","1","9","1","15","25","32","480"
"Herr ","S","Canada","Serbia","64","2","12","0","8","20","60","480"
"Komenda ","S","Poland","Netherlands","17","1","8","0","12","20","40","480"
"Fernando ","S","Brazil","Iran","42","2","8","0","12","20","40","480"
"Thondike ","S","Cuba","Serbia","71","3","7","0","15","22","31.82","477.3"
"S. Nikolov ","S","Bulgaria","Netherlands","30","1","7","0","15","22","31.82","477.3"
"Sekita ","S","Japan","Slovenia","56","2","7","0","15","22","31.82","477.3"
"De Cecco","S","Argentina","Iran","32","1","7","0","15","22","31.82","477.3"
"Toniutti","S","France","Argentina","63","2","7","0","15","22","31.82","477.3"
"Kampa","S","Germany","Iran","91","3","7","0","15","22","31.82","477.3"
"S. Nikolov ","S","Bulgaria","Germany","43","2","7","0","15","22","31.82","477.3"
"De Cecco","S","Argentina","Serbia","59","2","7","0","15","22","31.82","477.3"
"Komenda ","S","Poland","Netherlands","17","1","7","0","15","22","31.82","477.3"
"Christenson","S","USA","Canada","58","2","6","0","23","29","20.69","475.87"
"Bruno","S","Brazil","Cuba","4","1","6","0","23","29","20.69","475.87"
"Sekita ","S","Japan","Germany","39","2","9","0","10","19","47.37","473.7"
"De Cecco","S","Argentina","Bulgaria","88","3","9","0","10","19","47.37","473.7"
"Herr ","S","Canada","Japan","66","3","10","0","9","19","52.63","473.67"
"Keemink ","S","Netherlands","Canada","86","3","6","0","22","28","21.43","471.46"
"Sekita ","S","Japan","Iran","35","2","6","0","22","28","21.43","471.46"
"Sanchez Pages ","S","Argentina","Poland","82","3","10","1","12","23","39.13","469.56"
"Kampa","S","Germany","Japan","39","2","7","0","14","21","33.33","466.62"
"S. Nikolov ","S","Bulgaria","Poland","34","2","7","0","14","21","33.33","466.62"
"Łomacz ","S","Poland","Serbia","89","3","7","0","14","21","33.33","466.62"
"Ropret ","S","Slovenia","Canada","21","1","6","0","21","27","22.22","466.62"
"Isaacson ","S","USA","Türkiye","29","1","6","0","21","27","22.22","466.62"
"S. Nikolov ","S","Bulgaria","Cuba","83","3","8","0","11","19","42.11","463.21"
"De Cecco","S","Argentina","Canada","47","2","8","0","11","19","42.11","463.21"
"Sanchez Pages ","S","Argentina","Germany","25","1","8","0","11","19","42.11","463.21"
"Fernando ","S","Brazil","Poland","98","4","8","0","15","23","34.78","521.7"
"Brizard ","S","France","Bulgaria","1","1","8","0","11","19","42.11","463.21"
"S. Nikolov ","S","Bulgaria","Cuba","83","3","11","0","8","19","57.89","463.12"
"De Cecco","S","Argentina","Japan","3","1","6","0","20","26","23.08","461.6"
"Giannelli","S","Italy","Japan","24","1","6","0","20","26","23.08","461.6"
"Thondike ","S","Cuba","Italy","51","2","6","0","20","26","23.08","461.6"
"Keemink ","S","Netherlands","Serbia","40","2","6","0","19","25","24","456"
"Giannelli","S","Italy","USA","46","2","6","0","19","25","24","456"
"Ropret ","S","Slovenia","Brazil","49","2","6","0","19","25","24","456"
"Łomacz ","S","Poland","Canada","10","1","6","0","19","25","24","456"
"Vadi ","S","Iran","Türkiye","54","2","6","0","19","25","24","456"
"Vadi ","S","Iran","Cuba","26","1","6","0","19","25","24","456"
"Giannelli","S","Italy","Netherlands","62","2","6","0","19","25","24","456"
"Fernando ","S","Brazil","Italy","28","1","6","0","19","25","24","456"
"Fernando ","S","Brazil","Serbia","20","1","7","0","13","20","35","455"
"Janusz ","S","Poland","Italy","72","3","7","0","13","20","35","455"
"Ropret ","S","Slovenia","Serbia","96","3","7","0","13","20","35","455"
"Thondike ","S","Cuba","France","57","2","7","0","13","20","35","455"
"Sbertoli","S","Italy","Türkiye","95","3","9","1","13","23","34.78","452.14"
"S. Nikolov ","S","Bulgaria","Cuba","83","3","10","1","11","22","40.91","450.01"
"Todorović ","S","Serbia","Poland","89","3","9","0","9","18","50","450"
"Yenipazar ","S","Türkiye","Germany","60","2","6","0","18","24","25","450"
"Sekita ","S","Japan","Slovenia","56","2","6","0","18","24","25","450"
"Yenipazar ","S","Türkiye","USA","29","1","6","0","18","24","25","450"
"Arshia ","S","Iran","France","79","3","6","0","18","24","25","450"
"Keemink ","S","Netherlands","Canada","86","3","6","0","18","24","25","450"
"Jovović ","S","Serbia","Brazil","20","1","6","0","18","24","25","450"
"Giannelli","S","Italy","Brazil","28","1","8","1","16","25","28","448"
"De Cecco","S","Argentina","Canada","47","2","7","1","23","31","19.35","445.05"
"Łomacz ","S","Poland","Serbia","89","3","10","0","8","18","55.56","444.48"
"Vinčić ","S","Slovenia","Japan","56","2","8","0","10","18","44.44","444.4"
"Fernando ","S","Brazil","Iran","42","2","8","0","10","18","44.44","444.4"
"Vinčić ","S","Slovenia","Japan","56","2","8","0","10","18","44.44","444.4"
"Thondike ","S","Cuba","Italy","51","2","8","0","10","18","44.44","444.4"
"Toniutti","S","France","Germany","69","3","8","0","10","18","44.44","444.4"
"Fernando ","S","Brazil","Netherlands","65","3","8","0","10","18","44.44","444.4"
"De Cecco","S","Argentina","Türkiye","76","3","6","0","17","23","26.09","443.53"
"Kampa","S","Germany","Iran","91","3","6","0","17","23","26.09","443.53"
"Meijs ","S","Netherlands","Italy","62","2","6","0","17","23","26.09","443.53"
"Herr ","S","Canada","Cuba","37","2","6","0","17","23","26.09","443.53"
"Sbertoli","S","Italy","Türkiye","95","3","6","0","17","23","26.09","443.53"
"Yenipazar ","S","Türkiye","Poland","44","2","6","0","17","23","26.09","443.53"
"Tille ","S","Germany","Canada","73","3","6","0","17","23","26.09","443.53"
"Sekita ","S","Japan","Canada","66","3","6","0","17","23","26.09","443.53"
"Sekita ","S","Japan","Iran","35","2","6","0","17","23","26.09","443.53"
"Jovović ","S","Serbia","Poland","89","3","7","0","12","19","36.84","442.08"
"Fernando ","S","Brazil","Netherlands","65","3","7","0","12","19","36.84","442.08"
"Sbertoli","S","Italy","Poland","72","3","7","0","12","19","36.84","442.08"
"Sekita ","S","Japan","France","87","3","7","0","12","19","36.84","442.08"
"Zimmermann ","S","Germany","Cuba","12","1","7","0","12","19","36.84","442.08"
"Thondike ","S","Cuba","Japan","18","1","7","0","12","19","36.84","442.08"
"Christenson","S","USA","Brazil","75","3","8","1","15","24","29.17","437.55"
"Fernando ","S","Brazil","Poland","55","2","8","1","15","24","29.17","437.55"
"Giannelli","S","Italy","Germany","7","1","6","0","16","22","27.27","436.32"
"Ropret ","S","Slovenia","Türkiye","38","2","6","0","16","22","27.27","436.32"
"Vadi ","S","Iran","Serbia","8","1","6","0","16","22","27.27","436.32"
"Keemink ","S","Netherlands","Slovenia","5","1","6","0","16","22","27.27","436.32"
"Tille ","S","Germany","USA","85","3","6","0","16","22","27.27","436.32"
"Fukatsu ","S","Japan","Poland","50","2","5","0","31","36","13.89","430.59"
"Fernando ","S","Brazil","France","92","3","6","0","15","21","28.57","428.55"
"Thondike ","S","Cuba","Brazil","4","1","6","0","15","21","28.57","428.55"
"Toniutti","S","France","USA","16","1","6","0","15","21","28.57","428.55"
"Tuaniga ","S","USA","France","16","1","6","0","15","21","28.57","428.55"
"Thondike ","S","Cuba","Iran","26","1","6","0","15","21","28.57","428.55"
"Isaacson ","S","USA","Türkiye","29","1","6","0","15","21","28.57","428.55"
"Jovović ","S","Serbia","Germany","31","1","6","0","15","21","28.57","428.55"
"Keemink ","S","Netherlands","Cuba","45","2","6","0","15","21","28.57","428.55"
"Fernando ","S","Brazil","Slovenia","49","2","6","0","15","21","28.57","428.55"
"Sekita ","S","Japan","Slovenia","56","2","6","0","15","21","28.57","428.55"
"Ropret ","S","Slovenia","Japan","56","2","6","0","15","21","28.57","428.55"
"Thondike ","S","Cuba","Serbia","71","3","6","0","15","21","28.57","428.55"
"Janusz ","S","Poland","Italy","72","3","6","0","15","21","28.57","428.55"
"Vadi ","S","Iran","Netherlands","74","3","6","0","15","21","28.57","428.55"
"Christenson","S","USA","Brazil","75","3","7","0","11","18","38.89","427.79"
"Sekita ","S","Japan","Serbia","13","1","7","0","11","18","38.89","427.79"
"Giannelli","S","Italy","Cuba","51","2","7","0","11","18","38.89","427.79"
"Herr ","S","Canada","Japan","66","3","7","0","11","18","38.89","427.79"
"De Cecco","S","Argentina","Canada","47","2","7","0","11","18","38.89","427.79"
"Ropret ","S","Slovenia","Serbia","96","3","7","0","11","18","38.89","427.79"
"Jovović ","S","Serbia","Türkiye","84","3","7","0","11","18","38.89","427.79"
"Jovović ","S","Serbia","Türkiye","84","3","8","1","14","23","30.43","426.02"
"De Cecco","S","Argentina","Brazil","14","1","5","0","28","33","15.15","424.2"
"Fernando ","S","Brazil","Poland","55","2","8","0","9","17","47.06","423.54"
"Kampa","S","Germany","France","69","3","7","1","19","27","22.22","422.18"
"Herr ","S","Canada","Germany","73","3","6","0","14","20","30","420"
"Brizard ","S","France","Iran","79","3","6","0","14","20","30","420"
"Zimmermann ","S","Germany","Serbia","31","1","6","0","14","20","30","420"
"S. Nikolov ","S","Bulgaria","France","1","1","6","0","14","20","30","420"
"Sekita ","S","Japan","Canada","66","3","6","0","14","20","30","420"
"Toniutti","S","France","Netherlands","52","2","6","0","14","20","30","420"
"Ropret ","S","Slovenia","France","9","1","6","0","14","20","30","420"
"Yenipazar ","S","Türkiye","France","22","1","6","0","14","20","30","420"
"Łomacz ","S","Poland","Slovenia","27","1","9","1","11","21","38.1","419.1"
"De Cecco","S","Argentina","Brazil","14","1","5","0","25","30","16.67","416.75"
"Herr ","S","Canada","Brazil","80","3","5","0","25","30","16.67","416.75"
"Arshia ","S","Iran","Germany","91","3","9","3","27","39","15.38","415.26"
"Herr ","S","Canada","Türkiye","2","1","5","0","24","29","17.24","413.76"
"Jovović ","S","Serbia","Türkiye","84","3","8","1","13","22","31.82","413.66"
"Christenson","S","USA","Brazil","75","3","7","0","10","17","41.18","411.8"
"Toniutti","S","France","Argentina","63","2","7","0","10","17","41.18","411.8"
"Sanchez Pages ","S","Argentina","Japan","3","1","10","0","7","17","58.82","411.74"
"Tuaniga ","S","USA","France","16","1","5","0","23","28","17.86","410.78"
"Thondike ","S","Cuba","Netherlands","45","2","6","0","13","19","31.58","410.54"
"S. Nikolov ","S","Bulgaria","Canada","15","1","6","0","13","19","31.58","410.54"
"Keemink ","S","Netherlands","Serbia","40","2","6","0","13","19","31.58","410.54"
"Meijs ","S","Netherlands","Iran","74","3","6","0","13","19","31.58","410.54"
"Thondike ","S","Cuba","Slovenia","78","3","6","0","13","19","31.58","410.54"
"Todorović ","S","Serbia","Slovenia","96","3","6","0","13","19","31.58","410.54"
"Keemink ","S","Netherlands","Bulgaria","30","1","6","0","13","19","31.58","410.54"
"Herr ","S","Canada","USA","58","2","6","0","13","19","31.58","410.54"
"Fernando ","S","Brazil","Serbia","20","1","6","0","13","19","31.58","410.54"
"Christenson","S","USA","Iran","70","3","6","0","13","19","31.58","410.54"
"Herr ","S","Canada","Netherlands","86","3","5","0","22","27","18.52","407.44"
"Thondike ","S","Cuba","Japan","18","1","5","0","21","26","19.23","403.83"
"Giannelli","S","Italy","Germany","7","1","5","0","21","26","19.23","403.83"
"De Cecco","S","Argentina","Brazil","14","1","5","0","21","26","19.23","403.83"
"Janusz ","S","Poland","Japan","50","2","12","0","6","18","66.67","400.02"
"Sekita ","S","Japan","Germany","39","2","9","1","10","20","40","400"
"Sekita ","S","Japan","Netherlands","81","3","8","0","8","16","50","400"
"Łomacz ","S","Poland","Slovenia","27","1","5","0","20","25","20","400"
"Ropret ","S","Slovenia","Poland","27","1","8","0","8","16","50","400"
"Janusz ","S","Poland","Japan","50","2","8","0","8","16","50","400"
"S. Nikolov ","S","Bulgaria","USA","23","1","5","0","20","25","20","400"
"Herr ","S","Canada","USA","58","2","5","0","20","25","20","400"
"S. Nikolov ","S","Bulgaria","Canada","15","1","5","0","20","25","20","400"
"Ropret ","S","Slovenia","Argentina","68","3","5","0","20","25","20","400"
"Ekşi","S","Türkiye","Netherlands","11","1","5","0","20","25","20","400"
"Ma'a ","S","USA","Japan","93","3","9","1","10","20","40","400"
"Fernando ","S","Brazil","Slovenia","49","2","6","0","12","18","33.33","399.96"
"Tille ","S","Germany","Bulgaria","43","2","6","0","12","18","33.33","399.96"
"S. Nikolov ","S","Bulgaria","Italy","77","3","6","0","12","18","33.33","399.96"
"Thondike ","S","Cuba","France","57","2","6","0","12","18","33.33","399.96"
"Ekşi","S","Türkiye","Netherlands","11","1","6","0","12","18","33.33","399.96"
"Christenson","S","USA","Italy","46","2","8","1","12","21","33.33","399.96"
"Vadi ","S","Iran","Argentina","32","1","6","0","12","18","33.33","399.96"
"Sekita ","S","Japan","Serbia","13","1","6","0","12","18","33.33","399.96"
"Fernando ","S","Brazil","Germany","33","2","6","0","12","18","33.33","399.96"
"Vadi ","S","Iran","Germany","91","3","6","1","27","34","14.71","397.17"
"Zimmermann ","S","Germany","Cuba","12","1","5","0","19","24","20.83","395.77"
"Keemink ","S","Netherlands","Cuba","45","2","5","0","19","24","20.83","395.77"
"Łomacz ","S","Poland","USA","6","1","5","0","19","24","20.83","395.77"
"Vadi ","S","Iran","Türkiye","54","2","5","0","19","24","20.83","395.77"
"Fernando ","S","Brazil","Iran","42","2","7","0","9","16","43.75","393.75"
"Toniutti","S","France","Cuba","57","2","9","0","7","16","56.25","393.75"
"Keemink ","S","Netherlands","France","52","2","9","0","7","16","56.25","393.75"
"Keemink ","S","Netherlands","Slovenia","5","1","7","0","9","16","43.75","393.75"
"Jovović ","S","Serbia","Poland","89","3","7","0","9","16","43.75","393.75"
"Oya ","S","Japan","Poland","50","2","8","2","19","29","20.69","393.11"
"De Cecco","S","Argentina","USA","36","2","7","1","15","23","26.09","391.35"
"Brizard ","S","France","Bulgaria","1","1","5","0","18","23","21.74","391.32"
"S. Nikolov ","S","Bulgaria","Argentina","88","3","5","0","18","23","21.74","391.32"
"Jovović ","S","Serbia","USA","53","2","5","0","18","23","21.74","391.32"
"Ekşi","S","Türkiye","USA","29","1","5","0","18","23","21.74","391.32"
"Bostan ","S","Türkiye","Argentina","76","3","5","0","18","23","21.74","391.32"
"Thondike ","S","Cuba","Canada","37","2","5","0","18","23","21.74","391.32"
"Janusz ","S","Poland","Cuba","94","3","11","0","6","17","64.71","388.26"
"S. Nikolov ","S","Bulgaria","Slovenia","61","2","11","0","6","17","64.71","388.26"
"Thondike ","S","Cuba","France","57","2","6","0","11","17","35.29","388.19"
"Thondike ","S","Cuba","Bulgaria","83","3","6","0","11","17","35.29","388.19"
"Sanchez Pages ","S","Argentina","Germany","25","1","6","0","11","17","35.29","388.19"
"Thondike ","S","Cuba","Serbia","71","3","6","0","11","17","35.29","388.19"
"Walsh ","S","Canada","Poland","10","1","6","0","11","17","35.29","388.19"
"Jovović ","S","Serbia","Iran","8","1","6","0","11","17","35.29","388.19"
"Sbertoli","S","Italy","Türkiye","95","3","6","0","11","17","35.29","388.19"
"Vadi ","S","Iran","Cuba","26","1","6","0","11","17","35.29","388.19"
"Vadi ","S","Iran","Netherlands","74","3","6","0","11","17","35.29","388.19"
"Brizard ","S","France","Türkiye","22","1","6","0","11","17","35.29","388.19"
"Isaacson ","S","USA","Bulgaria","23","1","5","0","17","22","22.73","386.41"
"Sekita ","S","Japan","Germany","39","2","5","0","17","22","22.73","386.41"
"Herr ","S","Canada","Slovenia","21","1","5","0","17","22","22.73","386.41"
"Fernando ","S","Brazil","Netherlands","65","3","5","0","17","22","22.73","386.41"
"Christenson","S","USA","Serbia","53","2","5","0","17","22","22.73","386.41"
"Yenipazar ","S","Türkiye","Bulgaria","67","3","5","0","17","22","22.73","386.41"
"Christenson","S","USA","Canada","58","2","5","0","17","22","22.73","386.41"
"De Cecco","S","Argentina","Türkiye","76","3","5","0","17","22","22.73","386.41"
"Thondike ","S","Cuba","Slovenia","78","3","5","0","17","22","22.73","386.41"
"Toniutti","S","France","Germany","69","3","8","2","18","28","21.43","385.74"
"Fernando ","S","Brazil","USA","75","3","8","1","11","20","35","385"
"Janusz ","S","Poland","Bulgaria","34","2","8","1","11","20","35","385"
"Vadi ","S","Iran","USA","70","3","7","1","14","22","27.27","381.78"
"Ropret ","S","Slovenia","Poland","27","1","5","0","16","21","23.81","380.96"
"Herr ","S","Canada","Türkiye","2","1","5","0","16","21","23.81","380.96"
"Toniutti","S","France","Cuba","57","2","5","0","16","21","23.81","380.96"
"Brizard ","S","France","Brazil","92","3","5","0","16","21","23.81","380.96"
"Tille ","S","Germany","USA","85","3","5","0","16","21","23.81","380.96"
"Christenson","S","USA","Iran","70","3","6","1","21","28","17.86","375.06"
"Herr ","S","Canada","Serbia","64","2","5","0","15","20","25","375"
"Zimmermann ","S","Germany","Cuba","12","1","5","0","15","20","25","375"
"Ropret ","S","Slovenia","France","9","1","6","0","10","16","37.5","375"
"Herr ","S","Canada","Germany","73","3","5","0","15","20","25","375"
"Fernando ","S","Brazil","Canada","80","3","5","0","15","20","25","375"
"Ma'a ","S","USA","Japan","93","3","5","0","15","20","25","375"
"Sbertoli","S","Italy","Poland","72","3","6","0","10","16","37.5","375"
"Sbertoli","S","Italy","Bulgaria","77","3","6","0","10","16","37.5","375"
"Keemink ","S","Netherlands","Türkiye","11","1","6","0","10","16","37.5","375"
"Giannelli","S","Italy","France","41","2","5","0","15","20","25","375"
"Sekita ","S","Japan","Serbia","13","1","7","0","8","15","46.67","373.36"
"Sanchez Pages ","S","Argentina","Germany","25","1","7","0","8","15","46.67","373.36"
"Tille ","S","Germany","Bulgaria","43","2","7","0","8","15","46.67","373.36"
"Meijs ","S","Netherlands","France","52","2","8","0","7","15","53.33","373.31"
"Toniutti","S","France","Netherlands","52","2","8","0","7","15","53.33","373.31"
"Meijs ","S","Netherlands","France","52","2","8","0","7","15","53.33","373.31"
"Janusz ","S","Poland","Argentina","82","3","8","0","7","15","53.33","373.31"
"Brizard ","S","France","Iran","79","3","7","1","13","21","28.57","371.41"
"Jovović ","S","Serbia","Germany","31","1","7","1","13","21","28.57","371.41"
"De Cecco","S","Argentina","France","63","2","5","0","14","19","26.32","368.48"
"Yenipazar ","S","Türkiye","Italy","95","3","5","0","14","19","26.32","368.48"
"Yenipazar ","S","Türkiye","Italy","95","3","5","0","14","19","26.32","368.48"
"Ropret ","S","Slovenia","Brazil","49","2","5","0","14","19","26.32","368.48"
"Fukatsu ","S","Japan","Poland","50","2","5","0","14","19","26.32","368.48"
"Sekita ","S","Japan","France","87","3","5","0","14","19","26.32","368.48"
"Toniutti","S","France","Netherlands","52","2","5","0","14","19","26.32","368.48"
"Komenda ","S","Poland","Netherlands","17","1","5","0","14","19","26.32","368.48"
"Keemink ","S","Netherlands","Poland","17","1","5","0","14","19","26.32","368.48"
"De Cecco","S","Argentina","Bulgaria","88","3","5","0","14","19","26.32","368.48"
"Fernando ","S","Brazil","USA","75","3","5","0","14","19","26.32","368.48"
"De Cecco","S","Argentina","Japan","3","1","8","1","10","19","36.84","368.4"
"Fukatsu ","S","Japan","Cuba","18","1","4","0","46","50","8","368"
"Keemink ","S","Netherlands","Iran","74","3","4","0","44","48","8.33","366.52"
"Herr ","S","Canada","Japan","66","3","6","1","19","26","19.23","365.37"
"Kampa","S","Germany","Türkiye","60","2","6","1","19","26","19.23","365.37"
"S. Nikolov ","S","Bulgaria","Iran","48","2","5","0","13","18","27.78","361.14"
"Ropret ","S","Slovenia","Poland","27","1","5","0","13","18","27.78","361.14"
"Fernando ","S","Brazil","Cuba","4","1","5","0","13","18","27.78","361.14"
"Stankov ","S","Bulgaria","Poland","34","2","5","0","13","18","27.78","361.14"
"Toniutti","S","France","Argentina","63","2","5","0","13","18","27.78","361.14"
"Herr ","S","Canada","Japan","66","3","5","0","13","18","27.78","361.14"
"Toniutti","S","France","USA","16","1","5","0","13","18","27.78","361.14"
"Keemink ","S","Netherlands","Italy","62","2","5","0","13","18","27.78","361.14"
"Herr ","S","Canada","Germany","73","3","5","0","13","18","27.78","361.14"
"Taboada ","S","Cuba","Netherlands","45","2","5","0","13","18","27.78","361.14"
"Thondike ","S","Cuba","France","57","2","5","0","13","18","27.78","361.14"
"Giannelli","S","Italy","Cuba","51","2","5","0","13","18","27.78","361.14"
"Kampa","S","Germany","Türkiye","60","2","7","1","12","20","30","360"
"Giannelli","S","Italy","Netherlands","62","2","6","0","9","15","40","360"
"Ropret ","S","Slovenia","France","9","1","6","0","9","15","40","360"
"Brizard ","S","France","Slovenia","9","1","7","1","12","20","30","360"
"Janusz ","S","Poland","Brazil","55","2","6","0","9","15","40","360"
"Ropret ","S","Slovenia","Cuba","78","3","6","0","9","15","40","360"
"Jovović ","S","Serbia","Germany","31","1","6","0","9","15","40","360"
"Sbertoli","S","Italy","Bulgaria","77","3","6","1","17","24","20.83","354.11"
"Meijs ","S","Netherlands","Italy","62","2","5","0","12","17","29.41","352.92"
"Fernando ","S","Brazil","Serbia","20","1","5","0","12","17","29.41","352.92"
"De Cecco","S","Argentina","Iran","32","1","5","0","12","17","29.41","352.92"
"Isaacson ","S","USA","Türkiye","29","1","5","0","12","17","29.41","352.92"
"Christenson","S","USA","Canada","58","2","5","0","12","17","29.41","352.92"
"Fernando ","S","Brazil","Netherlands","65","3","5","0","12","17","29.41","352.92"
"De Cecco","S","Argentina","Serbia","59","2","5","0","12","17","29.41","352.92"
"Janusz ","S","Poland","Cuba","94","3","5","0","12","17","29.41","352.92"
"S. Nikolov ","S","Bulgaria","Germany","43","2","7","0","7","14","50","350"
"Ropret ","S","Slovenia","Netherlands","5","1","7","1","11","19","31.58","347.38"
"Giannelli","S","Italy","Japan","24","1","4","0","26","30","13.33","346.58"
"Fukatsu ","S","Japan","Italy","24","1","4","0","25","29","13.79","344.75"
"Keemink ","S","Netherlands","Slovenia","5","1","4","0","25","29","13.79","344.75"
"Taboada ","S","Cuba","Netherlands","45","2","5","0","11","16","31.25","343.75"
"Giannelli","S","Italy","Japan","24","1","5","0","11","16","31.25","343.75"
"Zimmermann ","S","Germany","Argentina","25","1","5","0","11","16","31.25","343.75"
"Todorović ","S","Serbia","Japan","13","1","5","0","11","16","31.25","343.75"
"Łomacz ","S","Poland","Argentina","82","3","5","0","11","16","31.25","343.75"
"Keemink ","S","Netherlands","Poland","17","1","5","0","11","16","31.25","343.75"
"Vadi ","S","Iran","Italy","19","1","5","0","11","16","31.25","343.75"
"Jovović ","S","Serbia","Argentina","59","2","5","0","11","16","31.25","343.75"
"Todorović ","S","Serbia","Brazil","20","1","4","0","24","28","14.29","342.96"
"Fukatsu ","S","Japan","Italy","24","1","4","0","24","28","14.29","342.96"
"Toniutti","S","France","Argentina","63","2","6","0","8","14","42.86","342.88"
"Tuaniga ","S","USA","Poland","6","1","6","0","8","14","42.86","342.88"
"Brizard ","S","France","Slovenia","9","1","6","0","8","14","42.86","342.88"
"Keemink ","S","Netherlands","Brazil","65","3","4","0","23","27","14.81","340.63"
"Sekita ","S","Japan","Argentina","3","1","4","0","22","26","15.38","338.36"
"Keemink ","S","Netherlands","Cuba","45","2","4","0","21","25","16","336"
"Yenipazar ","S","Türkiye","Poland","44","2","4","0","20","24","16.67","333.4"
"Bostan ","S","Türkiye","Argentina","76","3","4","0","20","24","16.67","333.4"
"Ropret ","S","Slovenia","Canada","21","1","4","0","20","24","16.67","333.4"
"Herr ","S","Canada","Serbia","64","2","4","0","20","24","16.67","333.4"
"Jovović ","S","Serbia","Canada","64","2","4","0","20","24","16.67","333.4"
"Sekita ","S","Japan","Canada","66","3","4","0","20","24","16.67","333.4"
"Sbertoli","S","Italy","Türkiye","95","3","4","0","20","24","16.67","333.4"
"Thondike ","S","Cuba","Canada","37","2","4","0","20","24","16.67","333.4"
"Keemink ","S","Netherlands","Canada","86","3","4","0","20","24","16.67","333.4"
"Thondike ","S","Cuba","Germany","12","1","7","1","10","18","33.33","333.3"
"S. Nikolov ","S","Bulgaria","Poland","34","2","7","1","10","18","33.33","333.3"
"Ropret ","S","Slovenia","Netherlands","5","1","5","0","10","15","33.33","333.3"
"Sekita ","S","Japan","Iran","35","2","5","0","10","15","33.33","333.3"
"Jovović ","S","Serbia","USA","53","2","5","0","10","15","33.33","333.3"
"Fernando ","S","Brazil","Argentina","14","1","5","0","10","15","33.33","333.3"
"Yenipazar ","S","Türkiye","Poland","44","2","5","0","10","15","33.33","333.3"
"Ekşi","S","Türkiye","Canada","2","1","4","0","19","23","17.39","330.41"
"Vadi ","S","Iran","Türkiye","54","2","4","0","19","23","17.39","330.41"
"Giannelli","S","Italy","USA","46","2","4","0","19","23","17.39","330.41"
"Toniutti","S","France","Germany","69","3","4","0","19","23","17.39","330.41"
"S. Nikolov ","S","Bulgaria","USA","23","1","4","0","19","23","17.39","330.41"
"Thondike ","S","Cuba","Netherlands","45","2","4","0","19","23","17.39","330.41"
"Łomacz ","S","Poland","Canada","10","1","4","0","19","23","17.39","330.41"
"Fukatsu ","S","Japan","USA","93","3","4","0","18","22","18.18","327.24"
"Sekita ","S","Japan","Argentina","3","1","4","0","18","22","18.18","327.24"
"Thondike ","S","Cuba","Italy","51","2","4","0","18","22","18.18","327.24"
"Sekita ","S","Japan","Cuba","18","1","4","0","18","22","18.18","327.24"
"Ropret ","S","Slovenia","Argentina","68","3","4","0","18","22","18.18","327.24"
"Herr ","S","Canada","USA","58","2","4","0","17","21","19.05","323.85"
"Herr ","S","Canada","Serbia","64","2","4","0","17","21","19.05","323.85"
"Javad ","S","Iran","Italy","19","1","4","0","17","21","19.05","323.85"
"Giannelli","S","Italy","Iran","19","1","4","0","17","21","19.05","323.85"
"Vadi ","S","Iran","Germany","91","3","4","0","17","21","19.05","323.85"
"Keemink ","S","Netherlands","Türkiye","11","1","4","0","17","21","19.05","323.85"
"De Cecco","S","Argentina","Iran","32","1","7","0","6","13","53.85","323.1"
"S. Nikolov ","S","Bulgaria","Poland","34","2","7","0","6","13","53.85","323.1"
"Ropret ","S","Slovenia","Japan","56","2","7","0","6","13","53.85","323.1"
"Todorović ","S","Serbia","Poland","89","3","7","0","6","13","53.85","323.1"
"Kampa","S","Germany","Brazil","33","2","6","0","7","13","46.15","323.05"
"Łomacz ","S","Poland","Slovenia","27","1","6","0","7","13","46.15","323.05"
"Herr ","S","Canada","Poland","10","1","6","0","7","13","46.15","323.05"
"Sbertoli","S","Italy","Slovenia","90","3","5","0","9","14","35.71","321.39"
"Janusz ","S","Poland","Argentina","82","3","5","0","9","14","35.71","321.39"
"Toniutti","S","France","USA","16","1","5","0","9","14","35.71","321.39"
"S. Nikolov ","S","Bulgaria","Italy","77","3","5","0","9","14","35.71","321.39"
"Brizard ","S","France","Türkiye","22","1","5","0","9","14","35.71","321.39"
"Yenipazar ","S","Türkiye","France","22","1","5","0","9","14","35.71","321.39"
"Łomacz ","S","Poland","USA","6","1","5","0","9","14","35.71","321.39"
"Herr ","S","Canada","Poland","10","1","5","0","9","14","35.71","321.39"
"Toniutti","S","France","Argentina","63","2","5","0","9","14","35.71","321.39"
"Tille ","S","Germany","Brazil","33","2","4","0","16","20","20","320"
"Herr ","S","Canada","Slovenia","21","1","4","0","16","20","20","320"
"Fernando ","S","Brazil","Italy","28","1","4","0","16","20","20","320"
"S. Nikolov ","S","Bulgaria","Germany","43","2","7","1","9","17","35.29","317.61"
"De Cecco","S","Argentina","Poland","82","3","6","1","12","19","26.32","315.84"
"De Cecco","S","Argentina","Poland","82","3","6","1","12","19","26.32","315.84"
"Yenipazar ","S","Türkiye","France","22","1","6","1","12","19","26.32","315.84"
"Giannelli","S","Italy","France","41","2","6","1","12","19","26.32","315.84"
"Keemink ","S","Netherlands","Serbia","40","2","6","1","12","19","26.32","315.84"
"Thondike ","S","Cuba","Bulgaria","83","3","4","0","15","19","21.05","315.75"
"Keemink ","S","Netherlands","Japan","81","3","4","0","15","19","21.05","315.75"
"De Cecco","S","Argentina","Slovenia","68","3","4","0","15","19","21.05","315.75"
"Keemink ","S","Netherlands","Slovenia","5","1","4","0","15","19","21.05","315.75"
"Herr ","S","Canada","Türkiye","2","1","4","0","15","19","21.05","315.75"
"Zimmermann ","S","Germany","Italy","7","1","4","0","15","19","21.05","315.75"
"Firlej ","S","Poland","Bulgaria","34","2","4","0","15","19","21.05","315.75"
"Sekita ","S","Japan","France","87","3","4","0","15","19","21.05","315.75"
"Yenipazar ","S","Türkiye","Serbia","84","3","4","0","14","18","22.22","311.08"
"Toniutti","S","France","Cuba","57","2","4","0","14","18","22.22","311.08"
"Fernando ","S","Brazil","France","92","3","4","0","14","18","22.22","311.08"
"Vadi ","S","Iran","Japan","35","2","4","0","14","18","22.22","311.08"
"Giannelli","S","Italy","Netherlands","62","2","4","0","14","18","22.22","311.08"
"Firlej ","S","Poland","Türkiye","44","2","4","0","14","18","22.22","311.08"
"Giannelli","S","Italy","Cuba","51","2","4","0","14","18","22.22","311.08"
"Toniutti","S","France","Italy","41","2","4","0","14","18","22.22","311.08"
"Vadi ","S","Iran","USA","70","3","4","0","14","18","22.22","311.08"
"Toniutti","S","France","Italy","41","2","8","0","5","13","61.54","307.7"
"Keemink ","S","Netherlands","Bulgaria","30","1","5","0","8","13","38.46","307.68"
"Ropret ","S","Slovenia","Serbia","96","3","5","0","8","13","38.46","307.68"
"Fernando ","S","Brazil","Poland","55","2","5","0","8","13","38.46","307.68"
"Giannelli","S","Italy","USA","46","2","5","1","20","26","15.38","307.6"
"Keemink ","S","Netherlands","Italy","62","2","5","1","20","26","15.38","307.6"
"S. Nikolov ","S","Bulgaria","Argentina","88","3","4","0","13","17","23.53","305.89"
"De Cecco","S","Argentina","USA","36","2","4","0","13","17","23.53","305.89"
"Herr ","S","Canada","Cuba","37","2","4","0","13","17","23.53","305.89"
"Todorović ","S","Serbia","Germany","31","1","4","0","13","17","23.53","305.89"
"Giannelli","S","Italy","Brazil","28","1","6","0","6","12","50","300"
"Thondike ","S","Cuba","Brazil","4","1","4","0","12","16","25","300"
"Christenson","S","USA","Canada","58","2","4","0","12","16","25","300"
"Vadi ","S","Iran","Argentina","32","1","4","0","12","16","25","300"
"Sbertoli","S","Italy","Slovenia","90","3","4","0","12","16","25","300"
"Thondike ","S","Cuba","Germany","12","1","4","0","12","16","25","300"
"Fernando ","S","Brazil","Poland","55","2","4","0","12","16","25","300"
"Vadi ","S","Iran","Cuba","26","1","4","0","12","16","25","300"
"Yenipazar ","S","Türkiye","Italy","95","3","4","0","12","16","25","300"
"Jovović ","S","Serbia","Cuba","71","3","6","0","6","12","50","300"
"Kampa","S","Germany","Iran","91","3","4","0","12","16","25","300"
"Fernando ","S","Brazil","Canada","80","3","4","0","12","16","25","300"
"Fernando ","S","Brazil","Iran","42","2","7","1","8","16","37.5","300"
"Fernando ","S","Brazil","Italy","28","1","4","0","12","16","25","300"
"Fernando ","S","Brazil","Argentina","14","1","4","0","12","16","25","300"
"Ropret ","S","Slovenia","Italy","90","3","5","1","17","23","17.39","295.63"
"Arshia ","S","Iran","Germany","91","3","5","1","17","23","17.39","295.63"
"Vadi ","S","Iran","Serbia","8","1","5","1","17","23","17.39","295.63"
"Taboada ","S","Cuba","Brazil","4","1","4","0","11","15","26.67","293.37"
"Keemink ","S","Netherlands","Türkiye","11","1","4","0","11","15","26.67","293.37"
"Sekita ","S","Japan","Slovenia","102","4","4","0","19","23","17.39","330.41"
"Ropret ","S","Slovenia","Bulgaria","61","2","4","0","11","15","26.67","293.37"
"Brizard ","S","France","Slovenia","9","1","4","0","11","15","26.67","293.37"
"Keemink ","S","Netherlands","Bulgaria","30","1","4","0","11","15","26.67","293.37"
"Ekşi","S","Türkiye","Netherlands","11","1","4","0","11","15","26.67","293.37"
"Jovović ","S","Serbia","Cuba","71","3","5","0","7","12","41.67","291.69"
"Stankov ","S","Bulgaria","Poland","34","2","5","0","7","12","41.67","291.69"
"Toniutti","S","France","Japan","87","3","7","0","5","12","58.33","291.65"
"Sanchez Pages ","S","Argentina","Japan","3","1","7","0","5","12","58.33","291.65"
"Ekşi","S","Türkiye","USA","29","1","4","0","10","14","28.57","285.7"
"Arshia ","S","Iran","France","79","3","4","0","10","14","28.57","285.7"
"Janusz ","S","Poland","Bulgaria","34","2","4","0","10","14","28.57","285.7"
"Keemink ","S","Netherlands","Slovenia","5","1","4","0","10","14","28.57","285.7"
"De Cecco","S","Argentina","Brazil","14","1","4","0","10","14","28.57","285.7"
"Ropret ","S","Slovenia","Italy","90","3","4","0","9","13","30.77","276.93"
"Sanchez Pages ","S","Argentina","Iran","32","1","4","0","9","13","30.77","276.93"
"Jovović ","S","Serbia","Brazil","20","1","4","0","9","13","30.77","276.93"
"De Cecco","S","Argentina","Japan","3","1","6","0","5","11","54.55","272.75"
"Todorović ","S","Serbia","Argentina","59","2","5","0","6","11","45.45","272.7"
"Brizard ","S","France","Bulgaria","1","1","5","0","6","11","45.45","272.7"
"Thondike ","S","Cuba","Serbia","71","3","5","1","12","18","22.22","266.64"
"Firlej ","S","Poland","Brazil","55","2","4","0","8","12","33.33","266.64"
"Janusz ","S","Poland","Brazil","55","2","4","0","8","12","33.33","266.64"
"Toniutti","S","France","Cuba","57","2","4","0","8","12","33.33","266.64"
"Jovović ","S","Serbia","Brazil","20","1","4","0","8","12","33.33","266.64"
"De Cecco","S","Argentina","Serbia","59","2","4","0","8","12","33.33","266.64"
"Yenipazar ","S","Türkiye","Iran","54","2","3","0","23","26","11.54","265.42"
"Fernando ","S","Brazil","USA","75","3","3","0","22","25","12","264"
"Christenson","S","USA","Germany","85","3","3","0","22","25","12","264"
"Keemink ","S","Netherlands","Iran","74","3","3","0","22","25","12","264"
"Jovović ","S","Serbia","Argentina","59","2","3","0","22","25","12","264"
"Matheus G. ","S","Brazil","Slovenia","49","2","3","0","22","25","12","264"
"Thondike ","S","Cuba","Iran","26","1","3","0","21","24","12.5","262.5"
"Thondike ","S","Cuba","Poland","94","3","3","0","21","24","12.5","262.5"
"Ropret ","S","Slovenia","Cuba","78","3","3","0","21","24","12.5","262.5"
"Brizard ","S","France","Brazil","92","3","3","0","21","24","12.5","262.5"
"Yenipazar ","S","Türkiye","Germany","60","2","3","0","20","23","13.04","260.8"
"Yenipazar ","S","Türkiye","Serbia","84","3","3","0","20","23","13.04","260.8"
"Ropret ","S","Slovenia","Canada","21","1","3","0","20","23","13.04","260.8"
"Isaacson ","S","USA","Bulgaria","23","1","3","0","19","22","13.64","259.16"
"Todorović ","S","Serbia","Slovenia","96","3","3","0","19","22","13.64","259.16"
"Vadi ","S","Iran","Brazil","42","2","3","0","19","22","13.64","259.16"
"Thondike ","S","Cuba","Japan","18","1","3","0","19","22","13.64","259.16"
"Tille ","S","Germany","Canada","73","3","3","0","19","22","13.64","259.16"
"Tuaniga ","S","USA","Poland","6","1","3","0","19","22","13.64","259.16"
"Brizard ","S","France","Italy","41","2","5","1","11","17","23.53","258.83"
"De Cecco","S","Argentina","Germany","25","1","5","1","11","17","23.53","258.83"
"Giannelli","S","Italy","Brazil","28","1","3","0","18","21","14.29","257.22"
"Vadi ","S","Iran","Netherlands","74","3","3","0","18","21","14.29","257.22"
"Herr ","S","Canada","Brazil","80","3","3","0","18","21","14.29","257.22"
"Fukatsu ","S","Japan","USA","93","3","3","0","17","20","15","255"
"Thondike ","S","Cuba","Brazil","4","1","3","0","17","20","15","255"
"Zimmermann ","S","Germany","Cuba","12","1","3","0","17","20","15","255"
"Bruno","S","Brazil","Argentina","14","1","3","0","17","20","15","255"
"Keemink ","S","Netherlands","France","52","2","4","0","7","11","36.36","254.52"
"Vadi ","S","Iran","Bulgaria","48","2","4","0","7","11","36.36","254.52"
"Christenson","S","USA","Iran","70","3","3","0","16","19","15.79","252.64"
"Toniutti","S","France","Slovenia","9","1","3","0","16","19","15.79","252.64"
"Bostan ","S","Türkiye","Bulgaria","67","3","3","0","16","19","15.79","252.64"
"S. Nikolov ","S","Bulgaria","Netherlands","30","1","3","0","16","19","15.79","252.64"
"Sekita ","S","Japan","Argentina","3","1","3","0","16","19","15.79","252.64"
"Vadi ","S","Iran","Brazil","42","2","3","0","15","18","16.67","250.05"
"Tille ","S","Germany","Brazil","33","2","3","0","15","18","16.67","250.05"
"Firlej ","S","Poland","Türkiye","44","2","3","0","15","18","16.67","250.05"
"Janusz ","S","Poland","Bulgaria","34","2","5","0","5","10","50","250"
"Janusz ","S","Poland","Italy","72","3","5","0","5","10","50","250"
"Fernando ","S","Brazil","Canada","80","3","5","0","5","10","50","250"
"Sanchez Pages ","S","Argentina","Brazil","14","1","5","0","5","10","50","250"
"De Cecco","S","Argentina","Serbia","59","2","5","0","5","10","50","250"
"Jovović ","S","Serbia","Netherlands","40","2","5","0","5","10","50","250"
"Sanchez Pages ","S","Argentina","Brazil","14","1","5","0","5","10","50","250"
"Łomacz ","S","Poland","Canada","10","1","3","0","14","17","17.65","247.1"
"Vadi ","S","Iran","Cuba","26","1","3","0","14","17","17.65","247.1"
"Brizard ","S","France","Brazil","92","3","3","0","14","17","17.65","247.1"
"Bruno","S","Brazil","Argentina","14","1","3","0","14","17","17.65","247.1"
"Meijs ","S","Netherlands","Iran","74","3","3","0","14","17","17.65","247.1"
"Thondike ","S","Cuba","Brazil","4","1","3","0","14","17","17.65","247.1"
"Vadi ","S","Iran","Bulgaria","48","2","3","0","14","17","17.65","247.1"
"Thondike ","S","Cuba","Japan","18","1","4","1","23","28","10.71","246.33"
"Ropret ","S","Slovenia","Italy","90","3","3","0","13","16","18.75","243.75"
"Thondike ","S","Cuba","Netherlands","45","2","3","0","13","16","18.75","243.75"
"Firlej ","S","Poland","Türkiye","44","2","3","0","13","16","18.75","243.75"
"Keemink ","S","Netherlands","Türkiye","11","1","3","0","13","16","18.75","243.75"
"Taboada ","S","Cuba","Germany","12","1","5","1","9","15","26.67","240.03"
"Fernando ","S","Brazil","Slovenia","49","2","5","1","9","15","26.67","240.03"
"Sbertoli","S","Italy","Bulgaria","77","3","3","0","12","15","20","240"
"Yenipazar ","S","Türkiye","Bulgaria","67","3","3","0","12","15","20","240"
"Taboada ","S","Cuba","Italy","51","2","4","0","6","10","40","240"
"Vadi ","S","Iran","France","79","3","4","0","6","10","40","240"
"Oya ","S","Japan","Poland","50","2","6","2","12","20","20","240"
"Todorović ","S","Serbia","Japan","13","1","4","0","6","10","40","240"
"Giannelli","S","Italy","Iran","19","1","3","0","12","15","20","240"
"Taboada ","S","Cuba","Italy","51","2","4","0","6","10","40","240"
"Ropret ","S","Slovenia","Serbia","96","3","4","0","6","10","40","240"
"Fernando ","S","Brazil","Slovenia","49","2","4","1","19","24","12.5","237.5"
"Yenipazar ","S","Türkiye","Iran","54","2","4","1","19","24","12.5","237.5"
"Thondike ","S","Cuba","Poland","94","3","3","0","11","14","21.43","235.73"
"Thondike ","S","Cuba","Slovenia","78","3","3","0","11","14","21.43","235.73"
"Fernando ","S","Brazil","Germany","33","2","3","0","11","14","21.43","235.73"
"Bostan ","S","Türkiye","Bulgaria","67","3","3","0","11","14","21.43","235.73"
"Yenipazar ","S","Türkiye","Germany","60","2","3","0","11","14","21.43","235.73"
"S. Nikolov ","S","Bulgaria","USA","23","1","4","1","18","23","13.04","234.72"
"Janusz ","S","Poland","Cuba","94","3","3","0","10","13","23.08","230.8"
"S. Nikolov ","S","Bulgaria","Türkiye","67","3","3","0","10","13","23.08","230.8"
"Thondike ","S","Cuba","Serbia","71","3","3","0","10","13","23.08","230.8"
"Fernando ","S","Brazil","Germany","33","2","3","0","10","13","23.08","230.8"
"Sbertoli","S","Italy","Slovenia","90","3","3","0","10","13","23.08","230.8"
"Sekita ","S","Japan","Netherlands","81","3","4","1","16","21","14.29","228.64"
"Yenipazar ","S","Türkiye","Slovenia","38","2","5","1","8","14","28.57","228.56"
"Ropret ","S","Slovenia","Brazil","49","2","3","0","9","12","25","225"
"Sanchez Pages ","S","Argentina","Germany","25","1","9","0","3","12","75","225"
"Kampa","S","Germany","Japan","39","2","3","0","9","12","25","225"
"Toniutti","S","France","Türkiye","22","1","4","0","5","9","44.44","222.2"
"Sanchez Pages ","S","Argentina","France","63","2","4","0","5","9","44.44","222.2"
"Bruno","S","Brazil","Serbia","20","1","4","0","5","9","44.44","222.2"
"Ekşi","S","Türkiye","Canada","2","1","4","1","14","19","15.79","221.06"
"Yenipazar ","S","Türkiye","Iran","54","2","4","1","14","19","15.79","221.06"
"Fernando ","S","Brazil","Serbia","20","1","4","1","14","19","15.79","221.06"
"S. Nikolov ","S","Bulgaria","Netherlands","30","1","4","1","14","19","15.79","221.06"
"Fernando ","S","Brazil","Argentina","14","1","3","0","8","11","27.27","218.16"
"Fukatsu ","S","Japan","Argentina","3","1","3","0","8","11","27.27","218.16"
"Fernando ","S","Brazil","France","92","3","3","0","8","11","27.27","218.16"
"Stankov ","S","Bulgaria","Türkiye","67","3","3","0","8","11","27.27","218.16"
"S. Nikolov ","S","Bulgaria","Iran","48","2","3","0","8","11","27.27","218.16"
"Herr ","S","Canada","Netherlands","86","3","3","0","8","11","27.27","218.16"
"Herr ","S","Canada","Slovenia","21","1","5","1","7","13","30.77","215.39"
"Vadi ","S","Iran","France","79","3","5","2","17","24","12.5","212.5"
"Jovović ","S","Serbia","Canada","64","2","4","1","12","17","17.65","211.8"
"Janusz ","S","Poland","Bulgaria","34","2","6","2","9","17","23.53","211.77"
"Sanchez Pages ","S","Argentina","Bulgaria","88","3","3","0","7","10","30","210"
"De Weijer ","S","Netherlands","Poland","17","1","4","0","4","8","50","200"
"Łomacz ","S","Poland","Serbia","89","3","4","0","4","8","50","200"
"S. Nikolov ","S","Bulgaria","Poland","34","2","4","1","10","15","20","200"
"Keemink ","S","Netherlands","Türkiye","11","1","4","0","4","8","50","200"
"De Weijer ","S","Netherlands","Slovenia","5","1","3","0","6","9","33.33","199.98"
"Thondike ","S","Cuba","Italy","51","2","3","0","6","9","33.33","199.98"
"Stankov ","S","Bulgaria","Germany","43","2","3","0","6","9","33.33","199.98"
"Stankov ","S","Bulgaria","Germany","43","2","3","0","6","9","33.33","199.98"
"Herr ","S","Canada","Japan","66","3","3","0","6","9","33.33","199.98"
"Falaschi ","S","Italy","Slovenia","90","3","3","0","6","9","33.33","199.98"
"Sanchez Pages ","S","Argentina","Iran","32","1","3","0","6","9","33.33","199.98"
"Sanchez Pages ","S","Argentina","Bulgaria","88","3","3","0","6","9","33.33","199.98"
"Brizard ","S","France","USA","16","1","3","0","5","8","37.5","187.5"
"Porro P. ","S","Italy","Poland","72","3","3","0","5","8","37.5","187.5"
"Keemink ","S","Netherlands","Brazil","65","3","2","0","22","24","8.33","183.26"
"Fukatsu ","S","Japan","Cuba","18","1","2","0","22","24","8.33","183.26"
"Jovović ","S","Serbia","Argentina","59","2","2","0","22","24","8.33","183.26"
"Vadi ","S","Iran","Türkiye","54","2","2","0","21","23","8.7","182.7"
"Sekita ","S","Japan","Cuba","18","1","2","0","20","22","9.09","181.8"
"Todorović ","S","Serbia","Brazil","20","1","2","0","20","22","9.09","181.8"
"Keemink ","S","Netherlands","Brazil","65","3","2","0","19","21","9.52","180.88"
"Toniutti","S","France","Netherlands","52","2","2","0","19","21","9.52","180.88"
"Janusz ","S","Poland","Brazil","55","2","2","0","19","21","9.52","180.88"
"Toniutti","S","France","Japan","87","3","2","0","19","21","9.52","180.88"
"Vadi ","S","Iran","Argentina","32","1","2","0","18","20","10","180"
"Yenipazar ","S","Türkiye","Iran","54","2","2","0","17","19","10.53","179.01"
"Keemink ","S","Netherlands","Cuba","45","2","2","0","17","19","10.53","179.01"
"Giannelli","S","Italy","Iran","19","1","2","0","16","18","11.11","177.76"
"Jovović ","S","Serbia","Canada","64","2","2","0","16","18","11.11","177.76"
"Herr ","S","Canada","Argentina","47","2","2","0","16","18","11.11","177.76"
"Fernando ","S","Brazil","Italy","28","1","2","0","16","18","11.11","177.76"
"Vadi ","S","Iran","Italy","19","1","2","0","16","18","11.11","177.76"
"Brizard ","S","France","Japan","87","3","2","0","15","17","11.76","176.4"
"Thondike ","S","Cuba","Canada","37","2","2","0","15","17","11.76","176.4"
"Ekşi","S","Türkiye","Netherlands","11","1","2","0","15","17","11.76","176.4"
"De Cecco","S","Argentina","Iran","32","1","2","0","15","17","11.76","176.4"
"Yenipazar ","S","Türkiye","Germany","60","2","2","0","15","17","11.76","176.4"
"Giannelli","S","Italy","Brazil","28","1","2","0","15","17","11.76","176.4"
"Thondike ","S","Cuba","Japan","18","1","2","0","14","16","12.5","175"
"Javad ","S","Iran","Italy","19","1","2","0","14","16","12.5","175"
"Matheus G. ","S","Brazil","Canada","80","3","2","0","14","16","12.5","175"
"Herr ","S","Canada","Netherlands","86","3","2","0","14","16","12.5","175"
"Ekşi","S","Türkiye","Canada","2","1","2","0","13","15","13.33","173.29"
"Jovović ","S","Serbia","Netherlands","40","2","2","0","13","15","13.33","173.29"
"Janusz ","S","Poland","Brazil","55","2","2","0","13","15","13.33","173.29"
"Sekita ","S","Japan","Canada","66","3","2","0","13","15","13.33","173.29"
"Yenipazar ","S","Türkiye","Serbia","84","3","2","0","12","14","14.29","171.48"
"Vadi ","S","Iran","Serbia","8","1","2","0","12","14","14.29","171.48"
"Jovović ","S","Serbia","Japan","13","1","3","0","4","7","42.86","171.44"
"Taboada ","S","Cuba","Japan","18","1","3","0","4","7","42.86","171.44"
"Sbertoli ","S","Italy","France","41","2","3","0","4","7","42.86","171.44"
"Ropret ","S","Slovenia","Canada","21","1","2","0","11","13","15.38","169.18"
"Vadi ","S","Iran","Japan","35","2","2","0","11","13","15.38","169.18"
"Fukatsu ","S","Japan","Cuba","18","1","2","0","11","13","15.38","169.18"
"Jovović ","S","Serbia","Argentina","59","2","2","0","11","13","15.38","169.18"
"Toniutti","S","France","Slovenia","9","1","2","0","11","13","15.38","169.18"
"Łomacz ","S","Poland","Serbia","89","3","2","0","11","13","15.38","169.18"
"Keemink ","S","Netherlands","Canada","86","3","2","0","11","13","15.38","169.18"
"Ekşi","S","Türkiye","Netherlands","11","1","2","0","11","13","15.38","169.18"
"De Cecco","S","Argentina","Bulgaria","88","3","2","0","11","13","15.38","169.18"
"Bruno","S","Brazil","Italy","28","1","2","0","10","12","16.67","166.7"
"Fernando ","S","Brazil","Slovenia","49","2","2","0","10","12","16.67","166.7"
"Jovović ","S","Serbia","Iran","8","1","2","0","10","12","16.67","166.7"
"Ropret ","S","Slovenia","Bulgaria","61","2","2","0","10","12","16.67","166.7"
"Bruno","S","Brazil","Argentina","14","1","2","0","10","12","16.67","166.7"
"Jovović ","S","Serbia","Argentina","59","2","2","0","10","12","16.67","166.7"
"Kampa","S","Germany","Japan","39","2","3","1","20","24","8.33","166.6"
"Łomacz ","S","Poland","USA","6","1","2","0","9","11","18.18","163.62"
"Telkiyski ","S","Bulgaria","Netherlands","30","1","2","0","9","11","18.18","163.62"
"Telkiyski ","S","Bulgaria","Netherlands","30","1","2","0","9","11","18.18","163.62"
"Keemink ","S","Netherlands","Bulgaria","30","1","3","1","18","22","9.09","163.62"
"Kampa","S","Germany","Türkiye","60","2","2","0","9","11","18.18","163.62"
"Toniutti","S","France","Japan","87","3","2","0","9","11","18.18","163.62"
"Ropret ","S","Slovenia","Cuba","78","3","2","0","9","11","18.18","163.62"
"Bostan ","S","Türkiye","Poland","44","2","2","0","9","11","18.18","163.62"
"Bostan ","S","Türkiye","Poland","44","2","2","0","9","11","18.18","163.62"
"Taboada ","S","Cuba","Iran","26","1","2","0","8","10","20","160"
"Thondike ","S","Cuba","Slovenia","78","3","3","1","16","20","10","160"
"Vadi ","S","Iran","Netherlands","74","3","2","0","8","10","20","160"
"Todorović ","S","Serbia","Iran","8","1","2","0","8","10","20","160"
"Jovović ","S","Serbia","Poland","89","3","5","1","4","10","40","160"
"Todorović ","S","Serbia","Poland","89","3","2","0","8","10","20","160"
"Ekşi","S","Türkiye","Canada","2","1","3","1","16","20","10","160"
"Taboada ","S","Cuba","Iran","26","1","2","0","8","10","20","160"
"Bruno","S","Brazil","Cuba","4","1","2","0","8","10","20","160"
"S. Nikolov ","S","Bulgaria","Iran","48","2","2","0","8","10","20","160"
"Brizard ","S","France","Türkiye","22","1","2","0","7","9","22.22","155.54"
"Stankov ","S","Bulgaria","Türkiye","67","3","2","0","7","9","22.22","155.54"
"Brizard ","S","France","Argentina","63","2","2","0","7","9","22.22","155.54"
"Todorović ","S","Serbia","Germany","31","1","2","0","7","9","22.22","155.54"
"Bruno","S","Brazil","France","92","3","2","0","7","9","22.22","155.54"
"Brizard ","S","France","Japan","87","3","2","0","7","9","22.22","155.54"
"Firlej ","S","Poland","Bulgaria","34","2","2","0","7","9","22.22","155.54"
"Brizard ","S","France","Brazil","92","3","3","1","14","18","11.11","155.54"
"Firlej ","S","Poland","Japan","50","2","2","0","7","9","22.22","155.54"
"Firlej ","S","Poland","Japan","50","2","2","0","7","9","22.22","155.54"
"Łomacz ","S","Poland","Cuba","94","3","3","0","3","6","50","150"
"De Weijer ","S","Netherlands","Türkiye","11","1","3","0","3","6","50","150"
"Firlej ","S","Poland","Brazil","55","2","2","0","6","8","25","150"
"Christenson","S","USA","Brazil","75","3","6","0","2","8","75","150"
"Stankov ","S","Bulgaria","Italy","77","3","2","0","6","8","25","150"
"Sbertoli ","S","Italy","France","41","2","3","0","3","6","50","150"
"Bostan ","S","Türkiye","Argentina","76","3","3","1","12","16","12.5","150"
"Komenda ","S","Poland","Italy","72","3","2","0","6","8","25","150"
"De Weijer ","S","Netherlands","Poland","17","1","3","0","3","6","50","150"
"Tuaniga ","S","USA","Poland","6","1","3","1","11","15","13.33","146.63"
"Sbertoli","S","Italy","Poland","72","3","3","1","10","14","14.29","142.9"
"Brizard ","S","France","Slovenia","9","1","3","1","10","14","14.29","142.9"
"Kampa","S","Germany","Brazil","33","2","2","0","5","7","28.57","142.85"
"Yenipazar ","S","Türkiye","Bulgaria","67","3","2","0","5","7","28.57","142.85"
"Stankov ","S","Bulgaria","Italy","77","3","2","0","5","7","28.57","142.85"
"Meijs ","S","Netherlands","Iran","74","3","2","0","5","7","28.57","142.85"
"Toniutti","S","France","Italy","41","2","3","1","9","13","15.38","138.42"
"Kampa","S","Germany","Brazil","33","2","4","0","2","6","66.67","133.34"
"Sanchez Pages ","S","Argentina","Serbia","59","2","4","0","2","6","66.67","133.34"
"Sanchez Pages ","S","Argentina","Serbia","59","2","4","0","2","6","66.67","133.34"
"Falaschi ","S","Italy","Türkiye","95","3","2","0","4","6","33.33","133.32"
"Taboada ","S","Cuba","Germany","12","1","2","0","4","6","33.33","133.32"
"Bostan ","S","Türkiye","Bulgaria","67","3","3","1","7","11","18.18","127.26"
"Komenda ","S","Poland","Serbia","89","3","3","1","7","11","18.18","127.26"
"Bruno","S","Brazil","Serbia","20","1","2","0","3","5","40","120"
"Sanchez Pages ","S","Argentina","USA","36","2","2","0","3","5","40","120"
"Javad ","S","Iran","Italy","19","1","2","0","3","5","40","120"
"Łomacz ","S","Poland","Cuba","94","3","2","0","3","5","40","120"
"Bruno","S","Brazil","Italy","28","1","2","0","3","5","40","120"
"Oya ","S","Japan","Poland","50","2","2","0","3","5","40","120"
"Burggräf ","S","Germany","Argentina","25","1","2","0","3","5","40","120"
"Burggräf ","S","Germany","Argentina","25","1","2","0","3","5","40","120"
"Sanchez Pages ","S","Argentina","France","63","2","3","0","2","5","60","120"
"De Cecco","S","Argentina","Germany","25","1","3","0","2","5","60","120"
"Meijs ","S","Netherlands","Japan","81","3","2","0","3","5","40","120"
"Todorović ","S","Serbia","Netherlands","40","2","2","0","3","5","40","120"
"De Weijer ","S","Netherlands","Slovenia","5","1","2","0","3","5","40","120"
"Meijs ","S","Netherlands","Japan","81","3","2","0","3","5","40","120"
"Fukatsu ","S","Japan","Netherlands","81","3","3","0","2","5","60","120"
"Falaschi ","S","Italy","Slovenia","90","3","3","0","2","5","60","120"
"Sanchez Pages ","S","Argentina","Japan","3","1","3","0","2","5","60","120"
"Komenda ","S","Poland","Serbia","89","3","3","1","5","9","22.22","111.1"
"Walsh ","S","Canada","Argentina","47","2","2","0","2","4","50","100"
"Fernando ","S","Brazil","Cuba","4","1","2","0","2","4","50","100"
"Komenda ","S","Poland","Italy","72","3","2","0","2","4","50","100"
"Walsh ","S","Canada","Poland","10","1","2","0","2","4","50","100"
"Brizard ","S","France","Argentina","63","2","2","0","2","4","50","100"
"Bruno","S","Brazil","Serbia","20","1","2","0","2","4","50","100"
"Firlej ","S","Poland","Brazil","55","2","2","0","2","4","50","100"
"Walsh ","S","Canada","Argentina","47","2","2","0","2","4","50","100"
"Falaschi ","S","Italy","Türkiye","95","3","2","0","2","4","50","100"
"Bostan ","S","Türkiye","Slovenia","38","2","2","0","2","4","50","100"
"Bostan ","S","Türkiye","Slovenia","38","2","2","0","2","4","50","100"
"Sekita ","S","Japan","Argentina","3","1","1","0","26","27","3.7","96.2"
"Thondike ","S","Cuba","Canada","37","2","1","0","24","25","4","96"
"Thondike ","S","Cuba","Poland","94","3","1","0","22","23","4.35","95.7"
"Vadi ","S","Iran","Brazil","42","2","1","0","21","22","4.55","95.55"
"Herr ","S","Canada","Netherlands","86","3","1","0","19","20","5","95"
"Tuaniga ","S","USA","Bulgaria","23","1","1","0","18","19","5.26","94.68"
"De Cecco","S","Argentina","Brazil","14","1","1","0","18","19","5.26","94.68"
"Giannelli","S","Italy","Brazil","28","1","1","0","17","18","5.56","94.52"
"Sekita ","S","Japan","Cuba","18","1","1","0","17","18","5.56","94.52"
"Keemink ","S","Netherlands","Iran","74","3","1","0","17","18","5.56","94.52"
"S. Nikolov ","S","Bulgaria","Argentina","88","3","1","0","16","17","5.88","94.08"
"Todorović ","S","Serbia","Slovenia","96","3","1","0","16","17","5.88","94.08"
"Łomacz ","S","Poland","Canada","10","1","1","0","15","16","6.25","93.75"
"Brizard ","S","France","Germany","69","3","1","0","15","16","6.25","93.75"
"Vadi ","S","Iran","Brazil","42","2","1","0","15","16","6.25","93.75"
"Todorović ","S","Serbia","Slovenia","96","3","1","0","15","16","6.25","93.75"
"Zimmermann ","S","Germany","Italy","7","1","1","0","15","16","6.25","93.75"
"Vadi ","S","Iran","Argentina","32","1","1","0","14","15","6.67","93.38"
"Sekita ","S","Japan","Netherlands","81","3","1","0","14","15","6.67","93.38"
"Brizard ","S","France","Cuba","57","2","1","0","13","14","7.14","92.82"
"Todorović ","S","Serbia","Slovenia","96","3","1","0","12","13","7.69","92.28"
"Vadi ","S","Iran","USA","70","3","1","0","12","13","7.69","92.28"
"Fernando ","S","Brazil","France","92","3","1","0","11","12","8.33","91.63"
"Sekita ","S","Japan","Canada","66","3","1","0","10","11","9.09","90.9"
"Javad ","S","Iran","Cuba","26","1","1","0","10","11","9.09","90.9"
"Jovović ","S","Serbia","Netherlands","40","2","1","0","10","11","9.09","90.9"
"Isaacson ","S","USA","Poland","6","1","1","0","10","11","9.09","90.9"
"Walsh ","S","Canada","Slovenia","21","1","1","0","9","10","10","90"
"Sekita ","S","Japan","Germany","39","2","1","0","9","10","10","90"
"Walsh ","S","Canada","Slovenia","21","1","1","0","9","10","10","90"
"Firlej ","S","Poland","Bulgaria","34","2","1","0","8","9","11.11","88.88"
"Isaacson ","S","USA","Poland","6","1","1","0","8","9","11.11","88.88"
"Vadi ","S","Iran","Italy","19","1","1","0","8","9","11.11","88.88"
"Arshia ","S","Iran","France","79","3","1","0","8","9","11.11","88.88"
"Javad ","S","Iran","Argentina","32","1","1","0","8","9","11.11","88.88"
"Fernando ","S","Brazil","USA","75","3","1","0","7","8","12.5","87.5"
"Thondike ","S","Cuba","France","57","2","1","0","7","8","12.5","87.5"
"Herr ","S","Canada","Poland","10","1","1","0","7","8","12.5","87.5"
"Giannelli","S","Italy","France","41","2","1","0","7","8","12.5","87.5"
"Javad ","S","Iran","Cuba","26","1","1","0","7","8","12.5","87.5"
"Stankov ","S","Bulgaria","Iran","48","2","1","0","7","8","12.5","87.5"
"Vadi ","S","Iran","Bulgaria","48","2","1","0","6","7","14.29","85.74"
"Javad ","S","Iran","Serbia","8","1","1","0","6","7","14.29","85.74"
"Stankov ","S","Bulgaria","Slovenia","61","2","1","0","6","7","14.29","85.74"
"Matheus G. ","S","Brazil","Iran","42","2","1","0","6","7","14.29","85.74"
"Stankov ","S","Bulgaria","Slovenia","61","2","1","0","6","7","14.29","85.74"
"Ropret ","S","Slovenia","Japan","56","2","1","0","6","7","14.29","85.74"
"Stankov ","S","Bulgaria","Iran","48","2","1","0","6","7","14.29","85.74"
"Bostan ","S","Türkiye","Bulgaria","67","3","2","1","18","21","4.76","85.68"
"Tille ","S","Germany","Canada","73","3","2","1","15","18","5.56","83.4"
"S. Nikolov ","S","Bulgaria","USA","23","1","2","1","15","18","5.56","83.4"
"Matheus G. ","S","Brazil","Poland","55","2","1","0","5","6","16.67","83.35"
"Todorović ","S","Serbia","Germany","31","1","1","0","5","6","16.67","83.35"
"Matheus G. ","S","Brazil","Canada","80","3","1","0","5","6","16.67","83.35"
"Fernando ","S","Brazil","Italy","28","1","1","0","5","6","16.67","83.35"
"Brizard ","S","France","Netherlands","52","2","1","0","5","6","16.67","83.35"
"Brizard ","S","France","Cuba","57","2","1","0","5","6","16.67","83.35"
"Fukatsu ","S","Japan","France","87","3","1","0","5","6","16.67","83.35"
"Fukatsu ","S","Japan","France","87","3","1","0","5","6","16.67","83.35"
"Toniutti","S","France","Japan","87","3","1","0","5","6","16.67","83.35"
"Sekita ","S","Japan","Cuba","18","1","1","0","5","6","16.67","83.35"
"Isaacson ","S","USA","France","16","1","1","0","5","6","16.67","83.35"
"Meijs ","S","Netherlands","Italy","62","2","1","0","5","6","16.67","83.35"
"De Cecco","S","Argentina","France","63","2","1","0","5","6","16.67","83.35"
"Komenda ","S","Poland","USA","6","1","1","0","5","6","16.67","83.35"
"Komenda ","S","Poland","USA","6","1","1","0","5","6","16.67","83.35"
"Yenipazar ","S","Türkiye","Argentina","76","3","1","0","5","6","16.67","83.35"
"Yenipazar ","S","Türkiye","Argentina","76","3","1","0","5","6","16.67","83.35"
"Jovović ","S","Serbia","USA","53","2","3","2","22","27","3.7","81.4"
"Matheus G. ","S","Brazil","Slovenia","49","2","1","0","4","5","20","80"
"Tuaniga ","S","USA","Türkiye","29","1","1","0","4","5","20","80"
"Javad ","S","Iran","Serbia","8","1","1","0","4","5","20","80"
"Matheus G. ","S","Brazil","Slovenia","49","2","1","0","4","5","20","80"
"Tuaniga ","S","USA","Türkiye","29","1","1","0","4","5","20","80"
"Todorović ","S","Serbia","Argentina","59","2","1","0","4","5","20","80"
"Matheus G. ","S","Brazil","Canada","80","3","1","0","4","5","20","80"
"Bruno","S","Brazil","France","92","3","1","0","4","5","20","80"
"Vadi ","S","Iran","Germany","91","3","2","1","10","13","7.69","76.9"
"Taboada ","S","Cuba","Japan","18","1","1","0","3","4","25","75"
"Todorović ","S","Serbia","Iran","8","1","1","0","3","4","25","75"
"Porro P. ","S","Italy","Poland","72","3","1","0","3","4","25","75"
"Brizard ","S","France","Italy","41","2","3","0","1","4","75","75"
"Sanchez Pages ","S","Argentina","Iran","32","1","1","0","3","4","25","75"
"Łomacz ","S","Poland","Argentina","82","3","3","0","1","4","75","75"
"Łomacz ","S","Poland","Argentina","82","3","1","0","3","4","25","75"
"De Weijer ","S","Netherlands","Slovenia","5","1","1","0","3","4","25","75"
"Brizard ","S","France","Netherlands","52","2","1","0","3","4","25","75"
"Matheus G. ","S","Brazil","Poland","55","2","1","0","3","4","25","75"
"Jovović ","S","Serbia","Japan","13","1","3","0","1","4","75","75"
"Yenipazar ","S","Türkiye","USA","29","1","1","0","3","4","25","75"
"Fukatsu ","S","Japan","Serbia","13","1","1","0","3","4","25","75"
"Toniutti","S","France","Slovenia","9","1","1","0","3","4","25","75"
"Brizard ","S","France","Germany","69","3","1","0","3","4","25","75"
"Thondike ","S","Cuba","Iran","26","1","2","1","8","11","9.09","72.72"
"Todorović ","S","Serbia","Poland","89","3","2","0","1","3","66.67","66.67"
"De Weijer ","S","Netherlands","Türkiye","11","1","2","0","1","3","66.67","66.67"
"Todorović ","S","Serbia","Netherlands","40","2","2","0","1","3","66.67","66.67"
"Walsh ","S","Canada","Netherlands","86","3","2","0","1","3","66.67","66.67"
"Bruno","S","Brazil","Argentina","14","1","2","0","1","3","66.67","66.67"
"Fukatsu ","S","Japan","Argentina","3","1","2","0","1","3","66.67","66.67"
"Walsh ","S","Canada","Netherlands","86","3","2","0","1","3","66.67","66.67"
"Taboada ","S","Cuba","Japan","18","1","2","0","1","3","66.67","66.67"
"Brizard ","S","France","Italy","41","2","1","0","2","3","33.33","66.66"
"Taboada ","S","Cuba","Germany","12","1","1","0","2","3","33.33","66.66"
"Taboada ","S","Cuba","Poland","94","3","1","0","2","3","33.33","66.66"
"Isaacson ","S","USA","France","16","1","1","0","2","3","33.33","66.66"
"Taboada ","S","Cuba","Poland","94","3","1","0","2","3","33.33","66.66"
"S. Nikolov ","S","Bulgaria","Netherlands","30","1","3","1","2","6","33.33","66.66"
"Sanchez Pages ","S","Argentina","Poland","82","3","1","0","2","3","33.33","66.66"
"Todorović ","S","Serbia","Brazil","20","1","1","0","2","3","33.33","66.66"
"De Weijer ","S","Netherlands","Türkiye","11","1","1","0","2","3","33.33","66.66"
"Brizard ","S","France","USA","16","1","1","0","2","3","33.33","66.66"
"Brizard ","S","France","USA","16","1","1","0","2","3","33.33","66.66"
"Fukatsu ","S","Japan","Argentina","3","1","1","0","2","3","33.33","66.66"
"Arshia ","S","Iran","Germany","91","3","2","1","6","9","11.11","66.66"
"Taboada ","S","Cuba","Bulgaria","83","3","1","0","2","3","33.33","66.66"
"Matheus G. ","S","Brazil","Iran","42","2","1","0","2","3","33.33","66.66"
"Taboada ","S","Cuba","Bulgaria","83","3","1","0","2","3","33.33","66.66"
"Javad ","S","Iran","Argentina","32","1","1","0","2","3","33.33","66.66"
"Toniutti","S","France","Türkiye","22","1","1","0","2","3","33.33","66.66"
"Arshia ","S","Iran","Germany","91","3","2","1","4","7","14.29","57.16"
"Taboada ","S","Cuba","Germany","12","1","2","1","3","6","16.67","50.01"
"Sanchez Pages ","S","Argentina","Canada","47","2","1","0","1","2","50","50"
"Kampa","S","Germany","Bulgaria","43","2","1","0","1","2","50","50"
"Kampa","S","Germany","Bulgaria","43","2","1","0","1","2","50","50"
"Todorović ","S","Serbia","Brazil","20","1","1","0","1","2","50","50"
"Bruno","S","Brazil","Cuba","4","1","1","0","1","2","50","50"
"Todorović ","S","Serbia","Argentina","59","2","1","0","1","2","50","50"
"Vadi ","S","Iran","France","79","3","1","0","1","2","50","50"
"Taboada ","S","Cuba","Brazil","4","1","1","0","1","2","50","50"
"Todorović ","S","Serbia","Argentina","59","2","1","0","1","2","50","50"
"Łomacz ","S","Poland","Netherlands","17","1","1","0","1","2","50","50"
"Łomacz ","S","Poland","Netherlands","17","1","1","0","1","2","50","50"
"De Weijer ","S","Netherlands","Poland","17","1","1","0","1","2","50","50"
"Fukatsu ","S","Japan","Netherlands","81","3","1","0","1","2","50","50"
"Brizard ","S","France","USA","16","1","1","0","1","2","50","50"
"Sanchez Pages ","S","Argentina","France","63","2","1","0","1","2","50","50"
"Kampa","S","Germany","USA","85","3","1","0","1","2","50","50"
"Kampa","S","Germany","USA","85","3","1","0","1","2","50","50"
"Stankov ","S","Bulgaria","Türkiye","67","3","1","0","1","2","50","50"
"Todorović ","S","Serbia","Germany","31","1","1","0","1","2","50","50"
"Taboada ","S","Cuba","Serbia","71","3","1","0","1","2","50","50"
"Taboada ","S","Cuba","Serbia","71","3","1","0","1","2","50","50"
"Fukatsu ","S","Japan","Netherlands","81","3","1","0","1","2","50","50"
"Meijs ","S","Netherlands","Serbia","40","2","1","0","1","2","50","50"
"Meijs ","S","Netherlands","Serbia","40","2","1","0","1","2","50","50"
"Matheus G. ","S","Brazil","Slovenia","49","2","1","0","1","2","50","50"
"De Cecco","S","Argentina","Germany","25","1","1","0","1","2","50","50"
"Isaacson ","S","USA","Bulgaria","23","1","1","0","1","2","50","50"
"Sanchez Pages ","S","Argentina","Canada","47","2","1","0","1","2","50","50"
"De Cecco","S","Argentina","Slovenia","100","4","34","1","64","99","33.33","2133.12"
"Janusz ","S","Poland","France","101","4","32","0","56","88","36.36","2036.16"
"Sbertoli","S","Italy","France","99","4","31","0","55","86","36.05","1982.75"
"Brizard ","S","France","Japan","104","4","27","0","54","81","33.33","1799.82"
"Sekita ","S","Japan","France","104","4","26","0","56","82","31.71","1775.76"
"Janusz ","S","Poland","Brazil","98","4","24","0","46","70","34.29","1577.34"
"Ropret ","S","Slovenia","Argentina","100","4","21","1","81","103","19.42","1573.02"
"Herr ","S","Canada","Japan","97","4","22","0","52","74","29.73","1545.96"
"Brizard ","S","France","Poland","101","4","23","0","41","64","35.94","1473.54"
"Ropret ","S","Slovenia","Japan","102","4","19","1","61","81","22.22","1355.42"
"Fernando ","S","Brazil","Poland","98","4","21","2","48","71","26.76","1284.48"
"Sekita ","S","Japan","Slovenia","102","4","15","0","59","74","20.27","1195.93"
"Toniutti","S","France","Italy","99","4","18","1","36","55","30.91","1112.76"
"Brizard ","S","France","Italy","99","4","15","0","40","55","27.27","1090.8"
"Ropret ","S","Slovenia","Poland","103","4","18","3","31","52","28.85","894.35"
"Sekita ","S","Japan","Canada","97","4","10","0","54","64","15.62","843.48"
"Janusz ","S","Poland","Slovenia","103","4","11","0","31","42","26.19","811.89"
"Toniutti","S","France","Poland","101","4","12","0","23","35","34.29","788.67"
"Sekita ","S","Japan","France","104","4","11","0","20","31","35.48","709.6"
"Herr ","S","Canada","Japan","97","4","10","0","18","28","35.71","642.78"
"Ropret ","S","Slovenia","Japan","102","4","10","0","18","28","35.71","642.78"
"Janusz ","S","Poland","Brazil","98","4","12","0","11","23","52.17","573.87"
"Toniutti","S","France","Poland","101","4","9","0","15","24","37.5","562.5"
"Brizard ","S","France","Italy","99","4","8","0","18","26","30.77","553.86"
"Brizard ","S","France","Poland","101","4","11","0","11","22","50","550"
"De Cecco","S","Argentina","Slovenia","100","4","9","0","14","23","39.13","547.82"
"Sbertoli","S","Italy","France","99","4","8","0","16","24","33.33","533.28"
"De Cecco","S","Argentina","Slovenia","100","4","7","0","19","26","26.92","511.48"
"Brizard ","S","France","Japan","104","4","8","0","12","20","40","480"
"Porro P. ","S","Italy","France","99","4","8","0","12","20","40","480"
"Herr ","S","Canada","Japan","97","4","8","0","12","20","40","480"
"Sekita ","S","Japan","France","104","4","8","0","12","20","40","480"
"Sekita ","S","Japan","Slovenia","102","4","6","0","23","29","20.69","475.87"
"Janusz ","S","Poland","Slovenia","103","4","7","0","14","21","33.33","466.62"
"Sbertoli","S","Italy","France","99","4","8","0","11","19","42.11","463.21"
"Brizard ","S","France","Japan","104","4","10","0","8","18","55.56","444.48"
"Janusz ","S","Poland","France","101","4","8","0","10","18","44.44","444.4"
"Janusz ","S","Poland","France","101","4","7","0","12","19","36.84","442.08"
"Sbertoli","S","Italy","France","99","4","6","0","16","22","27.27","436.32"
"Łomacz ","S","Poland","Slovenia","103","4","7","0","11","18","38.89","427.79"
"Toniutti","S","France","Italy","99","4","8","0","9","17","47.06","423.54"
"Ropret ","S","Slovenia","Argentina","100","4","5","0","24","29","17.24","413.76"
"De Cecco","S","Argentina","Slovenia","100","4","7","0","10","17","41.18","411.8"
"Ropret ","S","Slovenia","Japan","102","4","5","0","23","28","17.86","410.78"
"Brizard ","S","France","Japan","104","4","6","0","13","19","31.58","410.54"
"Ropret ","S","Slovenia","Argentina","100","4","7","1","17","25","24","408"
"Ropret ","S","Slovenia","Poland","103","4","9","1","10","20","40","400"
"Brizard ","S","France","Poland","101","4","7","0","9","16","43.75","393.75"
"Janusz ","S","Poland","France","101","4","6","0","11","17","35.29","388.19"
"Sekita ","S","Japan","Slovenia","102","4","5","0","17","22","22.73","386.41"
"Janusz ","S","Poland","Brazil","98","4","5","0","16","21","23.81","380.96"
"Janusz ","S","Poland","France","101","4","6","0","10","16","37.5","375"
"Fernando ","S","Brazil","Poland","98","4","5","0","15","20","25","375"
"Janusz ","S","Poland","France","101","4","5","0","13","18","27.78","361.14"
"Toniutti","S","France","Italy","99","4","6","1","18","25","20","360"
"Sbertoli","S","Italy","France","99","4","7","0","7","14","50","350"
"Sekita ","S","Japan","Canada","97","4","4","0","23","27","14.81","340.63"
"Herr ","S","Canada","Japan","97","4","4","0","22","26","15.38","338.36"
"Vinčić ","S","Slovenia","Poland","103","4","10","0","5","15","66.67","333.35"
"Vinčić ","S","Slovenia","Poland","103","4","10","0","5","15","66.67","333.35"
"Ropret ","S","Slovenia","Poland","103","4","6","1","14","21","23.81","333.34"
"De Cecco","S","Argentina","Slovenia","100","4","7","1","10","18","33.33","333.3"
"Ropret ","S","Slovenia","Argentina","100","4","4","0","17","21","19.05","323.85"
"Ropret ","S","Slovenia","Argentina","100","4","4","0","13","17","23.53","305.89"
"Sekita ","S","Japan","France","104","4","4","0","13","17","23.53","305.89"
"Brizard ","S","France","Italy","99","4","4","0","13","17","23.53","305.89"
"Janusz ","S","Poland","Brazil","98","4","4","0","11","15","26.67","293.37"
"De Cecco","S","Argentina","Slovenia","100","4","4","0","11","15","26.67","293.37"
"Toniutti","S","France","Italy","99","4","4","0","9","13","30.77","276.93"
"Fernando ","S","Brazil","Poland","98","4","4","0","9","13","30.77","276.93"
"Brizard ","S","France","Japan","104","4","3","0","21","24","12.5","262.5"
"Sekita ","S","Japan","Canada","97","4","3","0","19","22","13.64","259.16"
"Łomacz ","S","Poland","Brazil","98","4","6","0","4","10","60","240"
"Ropret ","S","Slovenia","Japan","102","4","4","1","20","25","12","240"
"Sekita ","S","Japan","Canada","97","4","3","0","12","15","20","240"
"Sekita ","S","Japan","France","104","4","3","0","11","14","21.43","235.73"
"Janusz ","S","Poland","Brazil","98","4","3","0","8","11","27.27","218.16"
"Toniutti","S","France","Poland","101","4","3","0","7","10","30","210"
"Łomacz ","S","Poland","Slovenia","103","4","4","0","4","8","50","200"
"Łomacz ","S","Poland","Brazil","98","4","4","0","4","8","50","200"
"Brizard ","S","France","Poland","101","4","3","0","6","9","33.33","199.98"
"Bruno","S","Brazil","Poland","98","4","3","0","5","8","37.5","187.5"
"Porro P. ","S","Italy","France","99","4","3","0","5","8","37.5","187.5"
"Sanchez Pages ","S","Argentina","Slovenia","100","4","4","0","3","7","57.14","171.42"
"Janusz ","S","Poland","Slovenia","103","4","2","0","9","11","18.18","163.62"
"Janusz ","S","Poland","Slovenia","103","4","2","0","8","10","20","160"
"Sbertoli","S","Italy","France","99","4","2","0","5","7","28.57","142.85"
"Łomacz ","S","Poland","Slovenia","103","4","2","0","5","7","28.57","142.85"
"Brizard ","S","France","Italy","99","4","2","0","5","7","28.57","142.85"
"Ropret ","S","Slovenia","Poland","103","4","3","1","7","11","18.18","127.26"
"Fernando ","S","Brazil","Poland","98","4","4","2","9","15","13.33","119.97"
"Łomacz ","S","Poland","France","101","4","2","0","2","4","50","100"
"Porro P. ","S","Italy","France","99","4","2","0","2","4","50","100"
"Porro P. ","S","Italy","France","99","4","2","0","2","4","50","100"
"Bruno","S","Brazil","Poland","98","4","2","0","2","4","50","100"
"Ropret ","S","Slovenia","Argentina","100","4","1","0","10","11","9.09","90.9"
"Fukatsu ","S","Japan","Canada","97","4","1","0","3","4","25","75"
"Porro P. ","S","Italy","France","99","4","1","0","3","4","25","75"
"Sanchez Pages ","S","Argentina","Slovenia","100","4","3","0","1","4","75","75"
"Toniutti","S","France","Japan","104","4","3","0","1","4","75","75"
"Brizard ","S","France","Italy","99","4","1","0","3","4","25","75"
"Brizard ","S","France","Poland","101","4","2","0","1","3","66.67","66.67"
"Łomacz ","S","Poland","Slovenia","103","4","1","0","2","3","33.33","66.66"
"Bruno","S","Brazil","Poland","98","4","1","0","1","2","50","50"
"Sanchez Pages ","S","Argentina","Slovenia","100","4","1","0","1","2","50","50"
"Łomacz ","S","Poland","France","101","4","1","0","1","2","50","50"
"Łomacz ","S","Poland","France","101","4","1","0","1","2","50","50"
"Fukatsu ","S","Japan","Canada","97","4","1","0","1","2","50","50"
